POSCAR_5.vasp,0.0
POSCAR_7.vasp,7.9989245
POSCAR_14.vasp,13.9952801
POSCAR_16.vasp,48.0089536
POSCAR_19.vasp,24.0
POSCAR_23.vasp,5.220665
POSCAR_30.vasp,0.0
POSCAR_31.vasp,2.6032421
POSCAR_43.vasp,3.998122399999999
POSCAR_46.vasp,3.9991181
POSCAR_50.vasp,2.004342
POSCAR_55.vasp,3.9994139
POSCAR_58.vasp,1.3669357
POSCAR_59.vasp,16.0048208
POSCAR_67.vasp,1.69e-05
POSCAR_70.vasp,0.0034796999999990004
POSCAR_76.vasp,30.0089011
POSCAR_78.vasp,20.0068319
POSCAR_86.vasp,0.000811
POSCAR_97.vasp,0.0
POSCAR_99.vasp,0.0
POSCAR_103.vasp,0.0
POSCAR_114.vasp,0.0
POSCAR_115.vasp,0.0
POSCAR_117.vasp,0.0
POSCAR_129.vasp,30.0039808
POSCAR_131.vasp,10.0000001
POSCAR_132.vasp,9.9995794
POSCAR_138.vasp,4.9999956999999995
POSCAR_141.vasp,0.0
POSCAR_142.vasp,0.0
POSCAR_143.vasp,0.0
POSCAR_144.vasp,16.0
POSCAR_147.vasp,16.0017743
POSCAR_149.vasp,1.0212013
POSCAR_150.vasp,15.999964
POSCAR_152.vasp,16.0019554
POSCAR_154.vasp,16.0021897
POSCAR_167.vasp,0.0012165
POSCAR_168.vasp,0.0
POSCAR_181.vasp,0.0003101
POSCAR_182.vasp,0.0
POSCAR_184.vasp,0.0
POSCAR_185.vasp,0.0
POSCAR_186.vasp,0.0
POSCAR_188.vasp,0.0009037
POSCAR_198.vasp,0.0
POSCAR_202.vasp,0.0
POSCAR_208.vasp,3.26e-05
POSCAR_211.vasp,0.0
POSCAR_215.vasp,0.0
POSCAR_217.vasp,0.027883699999999
POSCAR_218.vasp,0.0
POSCAR_220.vasp,0.0
POSCAR_222.vasp,0.000611
POSCAR_238.vasp,0.000274
POSCAR_246.vasp,4.1400000000000003e-05
POSCAR_259.vasp,3.77e-05
POSCAR_267.vasp,4.78e-05
POSCAR_273.vasp,0.001751
POSCAR_280.vasp,2e-07
POSCAR_288.vasp,0.0010486
POSCAR_293.vasp,0.4287024
POSCAR_297.vasp,0.0
POSCAR_308.vasp,0.0
POSCAR_312.vasp,0.00042879999999900005
POSCAR_313.vasp,4.8100000000000024e-05
POSCAR_316.vasp,0.0002758
POSCAR_318.vasp,0.00021769999999900002
POSCAR_335.vasp,3.9998017999999993
POSCAR_348.vasp,4.050403
POSCAR_361.vasp,5.9600000000000005e-05
POSCAR_363.vasp,4.55e-05
POSCAR_369.vasp,0.0
POSCAR_376.vasp,0.0032064
POSCAR_379.vasp,2.3655208
POSCAR_382.vasp,0.8946598
POSCAR_388.vasp,0.0
POSCAR_395.vasp,0.0001315
POSCAR_400.vasp,0.0019417999999990002
POSCAR_403.vasp,0.0049908
POSCAR_406.vasp,0.001243599999999
POSCAR_407.vasp,0.0009134
POSCAR_408.vasp,1.998696799999999
POSCAR_409.vasp,7.9999746
POSCAR_412.vasp,7.9961203
POSCAR_417.vasp,5.990813
POSCAR_433.vasp,1.0000029
POSCAR_436.vasp,1.8900000000000002e-05
POSCAR_440.vasp,2.0000001
POSCAR_442.vasp,0.003312899999999
POSCAR_446.vasp,4.1400000000000003e-05
POSCAR_448.vasp,9.510000000000002e-05
POSCAR_450.vasp,0.0002521
POSCAR_451.vasp,0.0007676
POSCAR_454.vasp,0.0
POSCAR_462.vasp,0.000377599999999
POSCAR_464.vasp,0.0041451
POSCAR_486.vasp,0.0
POSCAR_487.vasp,0.0
POSCAR_493.vasp,0.4287024
POSCAR_496.vasp,0.0
POSCAR_500.vasp,3.47e-05
POSCAR_504.vasp,1.2e-06
POSCAR_506.vasp,0.0001905
POSCAR_526.vasp,0.0
POSCAR_527.vasp,0.0001511
POSCAR_528.vasp,1.54e-05
POSCAR_532.vasp,3.6299455
POSCAR_536.vasp,1.2900000000000002e-05
POSCAR_545.vasp,0.6151517
POSCAR_551.vasp,2.0489745
POSCAR_553.vasp,0.0
POSCAR_558.vasp,4.4499198
POSCAR_559.vasp,40.0036148
POSCAR_560.vasp,0.0
POSCAR_563.vasp,4.55e-05
POSCAR_572.vasp,6.007178
POSCAR_587.vasp,2.11e-05
POSCAR_588.vasp,0.0
POSCAR_593.vasp,0.0012119
POSCAR_597.vasp,0.011168899999999002
POSCAR_600.vasp,0.0019417999999990002
POSCAR_603.vasp,0.0049908
POSCAR_604.vasp,0.006625
POSCAR_614.vasp,15.999242
POSCAR_615.vasp,0.0001069
POSCAR_619.vasp,0.0003073
POSCAR_620.vasp,0.001227099999999
POSCAR_624.vasp,3.9995076
POSCAR_627.vasp,0.0074702
POSCAR_631.vasp,1.7470208
POSCAR_632.vasp,0.3293837
POSCAR_651.vasp,1.3128980000000001
POSCAR_657.vasp,0.000108399999999
POSCAR_661.vasp,0.0032568999999990004
POSCAR_668.vasp,0.0004405
POSCAR_670.vasp,0.0017682
POSCAR_672.vasp,3.5600000000000005e-05
POSCAR_673.vasp,1.8700000000000004e-05
POSCAR_681.vasp,0.0003304
POSCAR_683.vasp,0.0
POSCAR_686.vasp,0.0003083
POSCAR_690.vasp,0.000277
POSCAR_694.vasp,6e-07
POSCAR_695.vasp,0.0
POSCAR_699.vasp,0.0
POSCAR_704.vasp,3.579829
POSCAR_705.vasp,0.0037181
POSCAR_716.vasp,5.0267218
POSCAR_722.vasp,14.0130195
POSCAR_730.vasp,0.0015562
POSCAR_736.vasp,0.0
POSCAR_745.vasp,2.1983903
POSCAR_746.vasp,0.003885
POSCAR_758.vasp,2.9999983
POSCAR_762.vasp,4.9999984
POSCAR_773.vasp,8.9998148
POSCAR_777.vasp,24.0000003
POSCAR_778.vasp,15.0000004
POSCAR_781.vasp,0.0
POSCAR_784.vasp,8e-07
POSCAR_790.vasp,0.0
POSCAR_793.vasp,3.0000002
POSCAR_800.vasp,1e-07
POSCAR_804.vasp,0.2599993
POSCAR_806.vasp,4.0013552
POSCAR_809.vasp,2.0000121
POSCAR_818.vasp,2.0165364
POSCAR_828.vasp,0.0
POSCAR_833.vasp,0.00040879999999900006
POSCAR_837.vasp,0.0
POSCAR_838.vasp,3.54e-05
POSCAR_848.vasp,0.9997735
POSCAR_850.vasp,1.9982507999999992
POSCAR_859.vasp,0.0770356
POSCAR_864.vasp,0.0
POSCAR_865.vasp,0.0
POSCAR_869.vasp,2e-07
POSCAR_871.vasp,0.0002098
POSCAR_872.vasp,0.0006190999999990001
POSCAR_877.vasp,3.2800000000000004e-05
POSCAR_880.vasp,4.0000022
POSCAR_889.vasp,0.0019913
POSCAR_892.vasp,0.0002072
POSCAR_893.vasp,0.0011124
POSCAR_895.vasp,1.0000001
POSCAR_898.vasp,0.0
POSCAR_902.vasp,0.0003726
POSCAR_907.vasp,0.0009088
POSCAR_909.vasp,1.9998612
POSCAR_916.vasp,7.9974287
POSCAR_920.vasp,0.0017675
POSCAR_923.vasp,0.0833848
POSCAR_931.vasp,0.0024061
POSCAR_936.vasp,0.0006943
POSCAR_937.vasp,0.0007027
POSCAR_939.vasp,2e-07
POSCAR_940.vasp,1e-07
POSCAR_946.vasp,0.0011907
POSCAR_959.vasp,0.0009532999999990001
POSCAR_965.vasp,8.099999999999999e-06
POSCAR_968.vasp,0.037882099999999
POSCAR_971.vasp,0.0030177
POSCAR_980.vasp,8e-07
POSCAR_981.vasp,0.0001841
POSCAR_982.vasp,0.0038031
POSCAR_988.vasp,0.0
POSCAR_997.vasp,3.9998088
POSCAR_999.vasp,2.8e-05
POSCAR_1004.vasp,3.242724099999999
POSCAR_1005.vasp,0.0
POSCAR_1006.vasp,6.1886522
POSCAR_1008.vasp,11.9987934
POSCAR_1016.vasp,3.4296805
POSCAR_1028.vasp,0.0
POSCAR_1030.vasp,14.0000005
POSCAR_1035.vasp,10.004428
POSCAR_1036.vasp,39.9993539
POSCAR_1046.vasp,2.7e-06
POSCAR_1055.vasp,40.0000013
POSCAR_1057.vasp,50.0000001
POSCAR_1059.vasp,46.0011244
POSCAR_1066.vasp,5.0000036
POSCAR_1070.vasp,15.9964423
POSCAR_1076.vasp,5.0015196
POSCAR_1078.vasp,6.0
POSCAR_1096.vasp,0.00040189999999900005
POSCAR_1098.vasp,0.0
POSCAR_1105.vasp,0.0001636
POSCAR_1107.vasp,0.0003857
POSCAR_1111.vasp,0.001207999999999
POSCAR_1113.vasp,0.000129
POSCAR_1115.vasp,0.0
POSCAR_1125.vasp,3.0194623
POSCAR_1129.vasp,0.0271274
POSCAR_1131.vasp,7.997504399999999
POSCAR_1134.vasp,0.0011351
POSCAR_1136.vasp,6.25e-05
POSCAR_1137.vasp,24.0011058
POSCAR_1140.vasp,0.0
POSCAR_1145.vasp,0.00039979999999900005
POSCAR_1151.vasp,6.0000002
POSCAR_1156.vasp,3.9978767
POSCAR_1162.vasp,4e-07
POSCAR_1163.vasp,0.442853999999999
POSCAR_1169.vasp,0.0
POSCAR_1177.vasp,0.0030444
POSCAR_1178.vasp,2.0144765
POSCAR_1193.vasp,0.0
POSCAR_1211.vasp,9.2e-05
POSCAR_1214.vasp,0.0006577999999990001
POSCAR_1215.vasp,7e-07
POSCAR_1224.vasp,0.0008592
POSCAR_1233.vasp,2.2e-06
POSCAR_1234.vasp,8.0
POSCAR_1236.vasp,0.0
POSCAR_1245.vasp,2.0000001
POSCAR_1247.vasp,1.8314709
POSCAR_1248.vasp,3.0000005
POSCAR_1250.vasp,0.004786599999999
POSCAR_1252.vasp,0.0031848
POSCAR_1254.vasp,0.0
POSCAR_1256.vasp,0.00045979999999900005
POSCAR_1257.vasp,3.9976286
POSCAR_1259.vasp,3e-07
POSCAR_1263.vasp,0.0
POSCAR_1264.vasp,0.0
POSCAR_1268.vasp,1.9337514
POSCAR_1269.vasp,0.0002081
POSCAR_1277.vasp,3.0002155
POSCAR_1281.vasp,0.0
POSCAR_1284.vasp,2.0000001
POSCAR_1292.vasp,0.0004864
POSCAR_1302.vasp,0.0
POSCAR_1311.vasp,4.7100000000000006e-05
POSCAR_1317.vasp,7.7e-05
POSCAR_1322.vasp,0.0019831
POSCAR_1323.vasp,0.0
POSCAR_1326.vasp,0.011010899999999001
POSCAR_1330.vasp,0.0
POSCAR_1337.vasp,0.006721299999999
POSCAR_1344.vasp,0.0284195
POSCAR_1345.vasp,0.0001266
POSCAR_1346.vasp,0.0001245
POSCAR_1355.vasp,0.0
POSCAR_1356.vasp,0.0
POSCAR_1357.vasp,0.0001234
POSCAR_1363.vasp,3.7e-06
POSCAR_1365.vasp,2e-07
POSCAR_1366.vasp,0.0020208
POSCAR_1372.vasp,11.5374418
POSCAR_1379.vasp,12.0002389
POSCAR_1382.vasp,0.0009191
POSCAR_1389.vasp,6e-06
POSCAR_1391.vasp,0.00016419999999900002
POSCAR_1404.vasp,16.0002291
POSCAR_1407.vasp,3.9998971
POSCAR_1408.vasp,1.4e-06
POSCAR_1409.vasp,3.978307
POSCAR_1429.vasp,7.9999996
POSCAR_1430.vasp,12.1361731
POSCAR_1436.vasp,0.0028379
POSCAR_1438.vasp,0.0383507
POSCAR_1441.vasp,4.0
POSCAR_1451.vasp,8.0000006
POSCAR_1457.vasp,0.736821699999999
POSCAR_1470.vasp,2.9985094
POSCAR_1477.vasp,4.6130015
POSCAR_1479.vasp,4.2813682
POSCAR_1480.vasp,0.00018339999999900003
POSCAR_1482.vasp,0.0
POSCAR_1486.vasp,0.0
POSCAR_1495.vasp,8.0031689
POSCAR_1502.vasp,0.989475
POSCAR_1503.vasp,3.6700000000000004e-05
POSCAR_1505.vasp,2.434966
POSCAR_1510.vasp,2.0006708
POSCAR_1525.vasp,1.9999953
POSCAR_1530.vasp,4.83e-05
POSCAR_1531.vasp,2.9679798
POSCAR_1535.vasp,0.0005476
POSCAR_1538.vasp,8.9e-06
POSCAR_1541.vasp,3.63e-05
POSCAR_1544.vasp,0.0
POSCAR_1554.vasp,7.599999999999997e-06
POSCAR_1561.vasp,11.5365724
POSCAR_1563.vasp,0.0016305999999990002
POSCAR_1564.vasp,0.0
POSCAR_1565.vasp,27.9989968
POSCAR_1568.vasp,19.9690725
POSCAR_1589.vasp,3.1685823
POSCAR_1593.vasp,3.477518
POSCAR_1594.vasp,15.9999997
POSCAR_1596.vasp,1e-07
POSCAR_1597.vasp,1.9999319
POSCAR_1601.vasp,2e-07
POSCAR_1602.vasp,0.0
POSCAR_1605.vasp,0.0
POSCAR_1609.vasp,5e-07
POSCAR_1613.vasp,0.0
POSCAR_1618.vasp,9.7173869
POSCAR_1634.vasp,5.6479283
POSCAR_1641.vasp,0.0
POSCAR_1646.vasp,0.246224499999999
POSCAR_1658.vasp,0.0006282
POSCAR_1663.vasp,1.3788963
POSCAR_1666.vasp,0.0011573
POSCAR_1682.vasp,0.0
POSCAR_1683.vasp,0.0
POSCAR_1689.vasp,0.0
POSCAR_1691.vasp,0.0
POSCAR_1693.vasp,0.0
POSCAR_1694.vasp,5.7175486
POSCAR_1707.vasp,3.9988478
POSCAR_1710.vasp,7.9993608
POSCAR_1724.vasp,0.000108999999999
POSCAR_1728.vasp,1.9958478
POSCAR_1735.vasp,5.4673062
POSCAR_1736.vasp,5.003271
POSCAR_1746.vasp,0.0
POSCAR_1747.vasp,1.5159997
POSCAR_1748.vasp,0.0
POSCAR_1753.vasp,0.0
POSCAR_1754.vasp,0.0007017
POSCAR_1758.vasp,0.001062
POSCAR_1762.vasp,0.0008571999999990001
POSCAR_1772.vasp,0.0
POSCAR_1773.vasp,0.0
POSCAR_1774.vasp,2.9998342
POSCAR_1781.vasp,0.0
POSCAR_1784.vasp,29.9999999
POSCAR_1789.vasp,0.0001497
POSCAR_1790.vasp,0.0
POSCAR_1797.vasp,4.0000746
POSCAR_1800.vasp,0.0
POSCAR_1802.vasp,3.999999899999999
POSCAR_1812.vasp,0.0
POSCAR_1823.vasp,0.0006274
POSCAR_1824.vasp,0.0001728
POSCAR_1839.vasp,2.9999998
POSCAR_1840.vasp,0.000248399999999
POSCAR_1841.vasp,0.0014294
POSCAR_1853.vasp,1.9994113
POSCAR_1854.vasp,0.8233011
POSCAR_1859.vasp,0.0020158
POSCAR_1864.vasp,0.0
POSCAR_1865.vasp,1.0000062
POSCAR_1866.vasp,0.0005875
POSCAR_1871.vasp,0.0
POSCAR_1872.vasp,0.0
POSCAR_1881.vasp,4.0000002
POSCAR_1883.vasp,9.1732099
POSCAR_1886.vasp,0.0013537999999990002
POSCAR_1891.vasp,2.6e-06
POSCAR_1892.vasp,0.0006416999999990001
POSCAR_1893.vasp,1.9987850999999992
POSCAR_1900.vasp,4.0022218
POSCAR_1905.vasp,17.9999996
POSCAR_1907.vasp,6.000001
POSCAR_1909.vasp,17.9931503
POSCAR_1912.vasp,4.0
POSCAR_1916.vasp,0.4699683
POSCAR_1922.vasp,0.0
POSCAR_1923.vasp,0.0027066
POSCAR_1928.vasp,0.196797299999999
POSCAR_1930.vasp,8.2e-05
POSCAR_1932.vasp,7.9990962
POSCAR_1946.vasp,0.0017817999999990002
POSCAR_1954.vasp,7.94e-05
POSCAR_1957.vasp,0.0002718
POSCAR_1958.vasp,7.4e-06
POSCAR_1960.vasp,0.00023339999999900002
POSCAR_1961.vasp,0.052524799999999004
POSCAR_1971.vasp,6.570000000000001e-05
POSCAR_1973.vasp,4.9000000000000005e-06
POSCAR_1984.vasp,8.8e-06
POSCAR_1985.vasp,0.0
POSCAR_1986.vasp,5.4e-06
POSCAR_1987.vasp,0.024578799999999002
POSCAR_1989.vasp,23.9999995
POSCAR_1998.vasp,0.0
POSCAR_2003.vasp,0.0
POSCAR_2006.vasp,2.0020867
POSCAR_2017.vasp,0.0013123
POSCAR_2019.vasp,0.0
POSCAR_2023.vasp,0.0
POSCAR_2024.vasp,0.0
POSCAR_2028.vasp,0.0
POSCAR_2037.vasp,1.0528167
POSCAR_2055.vasp,0.0
POSCAR_2068.vasp,0.001989099999999
POSCAR_2070.vasp,0.9245002
POSCAR_2071.vasp,0.0
POSCAR_2072.vasp,0.0035501
POSCAR_2074.vasp,0.002082199999999
POSCAR_2078.vasp,0.0
POSCAR_2082.vasp,0.0
POSCAR_2084.vasp,0.002516199999999
POSCAR_2085.vasp,0.0
POSCAR_2087.vasp,0.0
POSCAR_2106.vasp,0.0
POSCAR_2107.vasp,3.0
POSCAR_2111.vasp,0.0
POSCAR_2122.vasp,3.9999268
POSCAR_2123.vasp,4.0
POSCAR_2125.vasp,0.0048509
POSCAR_2126.vasp,0.0
POSCAR_2129.vasp,0.0
POSCAR_2134.vasp,0.0037335
POSCAR_2135.vasp,0.0005672
POSCAR_2137.vasp,2.0013608
POSCAR_2138.vasp,0.0977131
POSCAR_2142.vasp,0.0003232
POSCAR_2147.vasp,4.012815
POSCAR_2150.vasp,4.0036225
POSCAR_2152.vasp,4.0
POSCAR_2156.vasp,6.0000008
POSCAR_2159.vasp,2.19e-05
POSCAR_2172.vasp,0.0
POSCAR_2175.vasp,1.7192296999999992
POSCAR_2189.vasp,0.0484955
POSCAR_2191.vasp,0.9726378
POSCAR_2194.vasp,3.9995296
POSCAR_2196.vasp,0.000139
POSCAR_2200.vasp,7.9985024
POSCAR_2201.vasp,2.0001574
POSCAR_2202.vasp,7.9956742
POSCAR_2222.vasp,4.0057562
POSCAR_2223.vasp,7.9999991
POSCAR_2228.vasp,3.9988747
POSCAR_2232.vasp,3.0400000000000004e-05
POSCAR_2233.vasp,3.5600000000000005e-05
POSCAR_2237.vasp,3e-06
POSCAR_2238.vasp,0.0046947
POSCAR_2247.vasp,0.6675759
POSCAR_2250.vasp,12.0000008
POSCAR_2252.vasp,8.3916948
POSCAR_2254.vasp,0.000404699999999
POSCAR_2263.vasp,0.0011585
POSCAR_2275.vasp,16.0059018
POSCAR_2276.vasp,16.0023262
POSCAR_2279.vasp,3.9999993
POSCAR_2283.vasp,0.0
POSCAR_2288.vasp,0.0
POSCAR_2291.vasp,0.0
POSCAR_2307.vasp,0.0013847
POSCAR_2308.vasp,1.2800000000000001e-05
POSCAR_2309.vasp,9.9e-06
POSCAR_2317.vasp,1.0005525
POSCAR_2321.vasp,0.0168076
POSCAR_2328.vasp,0.0
POSCAR_2332.vasp,0.0004479
POSCAR_2336.vasp,0.0002757
POSCAR_2344.vasp,1e-07
POSCAR_2356.vasp,3.9341065
POSCAR_2358.vasp,8.0
POSCAR_2366.vasp,6.5049061
POSCAR_2368.vasp,24.0000001
POSCAR_2370.vasp,5.5711307
POSCAR_2372.vasp,28.0000011
POSCAR_2377.vasp,35.9999996
POSCAR_2395.vasp,6.8133932999999995
POSCAR_2399.vasp,7.983575
POSCAR_2401.vasp,27.9999917
POSCAR_2404.vasp,24.0002801
POSCAR_2408.vasp,6.0079449
POSCAR_2413.vasp,7.0127319
POSCAR_2414.vasp,11.8284323
POSCAR_2415.vasp,4.9999941
POSCAR_2416.vasp,5.0031497
POSCAR_2421.vasp,39.9999999
POSCAR_2425.vasp,6.8120356
POSCAR_2429.vasp,5.7933101
POSCAR_2441.vasp,24.000777
POSCAR_2444.vasp,6.7301044
POSCAR_2453.vasp,14.0021106
POSCAR_2458.vasp,7.9999996
POSCAR_2459.vasp,9.0000361
POSCAR_2467.vasp,10.9903852
POSCAR_2473.vasp,6.7977491
POSCAR_2475.vasp,0.0624058
POSCAR_2480.vasp,0.0
POSCAR_2482.vasp,1.4e-06
POSCAR_2483.vasp,0.0
POSCAR_2486.vasp,11.9969572
POSCAR_2492.vasp,9.9995794
POSCAR_2498.vasp,4.9999956999999995
POSCAR_2503.vasp,8.3975683
POSCAR_2506.vasp,8.0
POSCAR_2508.vasp,7.9991163
POSCAR_2514.vasp,4.0622893
POSCAR_2515.vasp,5.1219675
POSCAR_2522.vasp,16.0000005
POSCAR_2524.vasp,72.0073603
POSCAR_2530.vasp,0.0016908
POSCAR_2544.vasp,0.0010224
POSCAR_2546.vasp,0.0008947
POSCAR_2553.vasp,21.311725
POSCAR_2559.vasp,21.8300514
POSCAR_2560.vasp,21.2553073
POSCAR_2564.vasp,27.9999192
POSCAR_2575.vasp,6.8789372
POSCAR_2577.vasp,40.0000011
POSCAR_2582.vasp,20.5617901
POSCAR_2584.vasp,28.0001128
POSCAR_2596.vasp,6.8707792
POSCAR_2597.vasp,6.5779426
POSCAR_2603.vasp,6.6541714
POSCAR_2612.vasp,0.0
POSCAR_2614.vasp,0.0
POSCAR_2616.vasp,0.003015
POSCAR_2619.vasp,0.001270799999999
POSCAR_2620.vasp,0.0
POSCAR_2628.vasp,1.9997492000000001
POSCAR_2633.vasp,0.0
POSCAR_2646.vasp,0.0
POSCAR_2654.vasp,15.9995505
POSCAR_2656.vasp,0.016690299999999002
POSCAR_2663.vasp,0.0
POSCAR_2668.vasp,0.0
POSCAR_2671.vasp,0.0307366
POSCAR_2674.vasp,0.0123883
POSCAR_2675.vasp,0.130848699999999
POSCAR_2684.vasp,0.9999988
POSCAR_2687.vasp,7.9993218
POSCAR_2692.vasp,0.0615862
POSCAR_2694.vasp,0.2842922
POSCAR_2696.vasp,0.0022294
POSCAR_2703.vasp,0.0
POSCAR_2712.vasp,7.15e-05
POSCAR_2713.vasp,9e-07
POSCAR_2726.vasp,8e-07
POSCAR_2730.vasp,4.3400000000000005e-05
POSCAR_2740.vasp,3.0000000000000004e-05
POSCAR_2741.vasp,20.0039385
POSCAR_2753.vasp,1.436045
POSCAR_2761.vasp,1.699999999999999e-06
POSCAR_2765.vasp,0.0001861
POSCAR_2771.vasp,0.0
POSCAR_2775.vasp,0.00022129999999900003
POSCAR_2777.vasp,0.000381
POSCAR_2778.vasp,0.968378099999999
POSCAR_2785.vasp,0.0
POSCAR_2787.vasp,0.000395599999999
POSCAR_2792.vasp,0.00022669999999900002
POSCAR_2796.vasp,10.0006204
POSCAR_2797.vasp,0.0
POSCAR_2809.vasp,0.9999907
POSCAR_2813.vasp,0.00023779999999900002
POSCAR_2814.vasp,0.0014355
POSCAR_2822.vasp,0.0037086999999990005
POSCAR_2825.vasp,0.0021586
POSCAR_2830.vasp,0.000299699999999
POSCAR_2834.vasp,0.001112299999999
POSCAR_2838.vasp,0.0
POSCAR_2840.vasp,3.0
POSCAR_2856.vasp,1.5300000000000003e-05
POSCAR_2858.vasp,9.720000000000003e-05
POSCAR_2865.vasp,1.9998285
POSCAR_2871.vasp,0.0034435
POSCAR_2873.vasp,0.001226699999999
POSCAR_2882.vasp,0.0
POSCAR_2889.vasp,0.0
POSCAR_2890.vasp,4.0004309
POSCAR_2892.vasp,3.999999599999999
POSCAR_2895.vasp,4.0
POSCAR_2900.vasp,6.570000000000001e-05
POSCAR_2904.vasp,0.0
POSCAR_2905.vasp,0.0
POSCAR_2907.vasp,6.75e-05
POSCAR_2909.vasp,3.0
POSCAR_2911.vasp,7.99967
POSCAR_2919.vasp,6.0024189
POSCAR_2924.vasp,4.0042189
POSCAR_2925.vasp,5e-07
POSCAR_2927.vasp,7.9999994999999995
POSCAR_2930.vasp,7.9999997
POSCAR_2933.vasp,4e-07
POSCAR_2935.vasp,3.999999899999999
POSCAR_2936.vasp,4.0041687
POSCAR_2937.vasp,1.998886199999999
POSCAR_2944.vasp,0.004050499999999
POSCAR_2945.vasp,3.9746175999999993
POSCAR_2947.vasp,2.0000281
POSCAR_2951.vasp,16.0014134
POSCAR_2965.vasp,0.0
POSCAR_2969.vasp,1.0001286
POSCAR_2974.vasp,0.002495599999999
POSCAR_2979.vasp,0.0008416999999990001
POSCAR_2982.vasp,0.0
POSCAR_2988.vasp,0.0005564
POSCAR_3006.vasp,1.0
POSCAR_3008.vasp,4.4e-06
POSCAR_3013.vasp,1e-07
POSCAR_3017.vasp,19.9999993
POSCAR_3019.vasp,19.9999986
POSCAR_3020.vasp,9.9999993
POSCAR_3023.vasp,20.0000032
POSCAR_3026.vasp,20.0000022
POSCAR_3027.vasp,20.0000027
POSCAR_3031.vasp,0.0
POSCAR_3036.vasp,6.290000000000001e-05
POSCAR_3046.vasp,1e-07
POSCAR_3049.vasp,0.0
POSCAR_3054.vasp,6.0
POSCAR_3055.vasp,1.9999989
POSCAR_3058.vasp,0.0011497
POSCAR_3084.vasp,2.3977427000000002
POSCAR_3086.vasp,8.0022768
POSCAR_3091.vasp,0.2772321
POSCAR_3092.vasp,2.65e-05
POSCAR_3099.vasp,0.003109
POSCAR_3102.vasp,0.36501089999999903
POSCAR_3104.vasp,0.0692399
POSCAR_3105.vasp,0.0683497
POSCAR_3113.vasp,0.005050000000000001
POSCAR_3124.vasp,11.9978573
POSCAR_3131.vasp,1.8942135
POSCAR_3132.vasp,3.9124485
POSCAR_3141.vasp,4.0006843
POSCAR_3142.vasp,8.550000000000003e-05
POSCAR_3144.vasp,5.0700000000000006e-05
POSCAR_3145.vasp,7.9994285
POSCAR_3152.vasp,0.0
POSCAR_3158.vasp,0.0001904
POSCAR_3162.vasp,4.299999999999999e-06
POSCAR_3164.vasp,0.0013100000000000002
POSCAR_3166.vasp,0.0492238
POSCAR_3169.vasp,0.073561599999999
POSCAR_3175.vasp,2.09e-05
POSCAR_3185.vasp,0.0005082
POSCAR_3190.vasp,0.0
POSCAR_3194.vasp,0.6599832
POSCAR_3204.vasp,5.220665
POSCAR_3207.vasp,9.699999999999999e-06
POSCAR_3208.vasp,3.9777358
POSCAR_3218.vasp,0.0
POSCAR_3222.vasp,11.9997785
POSCAR_3224.vasp,11.9995472
POSCAR_3226.vasp,0.0002801
POSCAR_3228.vasp,0.0003784
POSCAR_3231.vasp,2.7000000000000002e-05
POSCAR_3233.vasp,1.1815699
POSCAR_3235.vasp,19.9997307
POSCAR_3237.vasp,4.9999528
POSCAR_3239.vasp,4.8e-06
POSCAR_3249.vasp,2.0005082
POSCAR_3253.vasp,2e-07
POSCAR_3254.vasp,2.8e-06
POSCAR_3260.vasp,0.0
POSCAR_3269.vasp,3.0039096
POSCAR_3275.vasp,0.00013419999999900002
POSCAR_3277.vasp,3.4979955
POSCAR_3282.vasp,7.9998641
POSCAR_3286.vasp,15.999964
POSCAR_3292.vasp,7.9999106
POSCAR_3297.vasp,15.9994373
POSCAR_3301.vasp,8.5e-05
POSCAR_3303.vasp,0.0
POSCAR_3304.vasp,0.0
POSCAR_3305.vasp,0.000299
POSCAR_3307.vasp,1e-07
POSCAR_3312.vasp,1.999905
POSCAR_3317.vasp,0.000897
POSCAR_3324.vasp,0.0038353
POSCAR_3325.vasp,0.0124826
POSCAR_3333.vasp,0.0012112
POSCAR_3347.vasp,6.170000000000001e-05
POSCAR_3357.vasp,0.002878
POSCAR_3366.vasp,0.0002747
POSCAR_3371.vasp,0.0
POSCAR_3374.vasp,3.69e-05
POSCAR_3383.vasp,0.00039529999999900005
POSCAR_3384.vasp,0.0019398
POSCAR_3386.vasp,0.000110099999999
POSCAR_3387.vasp,2.0002079
POSCAR_3390.vasp,0.0413624
POSCAR_3396.vasp,0.0
POSCAR_3398.vasp,7.9999994
POSCAR_3400.vasp,1.4e-06
POSCAR_3406.vasp,6e-06
POSCAR_3410.vasp,4e-07
POSCAR_3412.vasp,0.0
POSCAR_3438.vasp,0.0
POSCAR_3445.vasp,3.0000278
POSCAR_3447.vasp,8.9963397
POSCAR_3451.vasp,0.0002141
POSCAR_3452.vasp,0.0024527
POSCAR_3464.vasp,4.0005075
POSCAR_3465.vasp,6.0015743
POSCAR_3470.vasp,4.0085695
POSCAR_3472.vasp,6.314231
POSCAR_3485.vasp,15.9999711
POSCAR_3491.vasp,0.000106699999999
POSCAR_3499.vasp,7.9961779
POSCAR_3506.vasp,40.0001018
POSCAR_3508.vasp,32.0000638
POSCAR_3510.vasp,0.0
POSCAR_3527.vasp,12.082027
POSCAR_3533.vasp,0.0
POSCAR_3547.vasp,0.0
POSCAR_3549.vasp,2.0001168
POSCAR_3555.vasp,0.0
POSCAR_3559.vasp,19.9997593
POSCAR_3565.vasp,20.0002517
POSCAR_3589.vasp,19.9993222
POSCAR_3592.vasp,20.0011722
POSCAR_3599.vasp,20.0024638
POSCAR_3618.vasp,0.0
POSCAR_3629.vasp,0.0
POSCAR_3632.vasp,8.0001496
POSCAR_3635.vasp,0.0
POSCAR_3639.vasp,2.29e-05
POSCAR_3641.vasp,0.0
POSCAR_3642.vasp,0.00021539999999900002
POSCAR_3647.vasp,0.0072748
POSCAR_3651.vasp,0.0
POSCAR_3653.vasp,0.0
POSCAR_3654.vasp,0.0
POSCAR_3661.vasp,0.0
POSCAR_3662.vasp,0.0006868999999990001
POSCAR_3663.vasp,0.0
POSCAR_3665.vasp,0.0
POSCAR_3674.vasp,1.9999999
POSCAR_3675.vasp,1.8e-06
POSCAR_3685.vasp,23.9988894
POSCAR_3689.vasp,54.0004751
POSCAR_3696.vasp,4.0007964
POSCAR_3697.vasp,2.2200000000000004e-05
POSCAR_3700.vasp,4.0023941
POSCAR_3742.vasp,0.001127
POSCAR_3745.vasp,0.0002293
POSCAR_3749.vasp,0.0006633
POSCAR_3764.vasp,0.018639299999999002
POSCAR_3766.vasp,4.0000014
POSCAR_3767.vasp,3.999996
POSCAR_3777.vasp,0.0012402
POSCAR_3779.vasp,8.920000000000004e-05
POSCAR_3785.vasp,3.0
POSCAR_3794.vasp,2.03e-05
POSCAR_3795.vasp,0.0
POSCAR_3801.vasp,0.9979262
POSCAR_3802.vasp,0.000368
POSCAR_3804.vasp,0.0
POSCAR_3806.vasp,2.243793
POSCAR_3811.vasp,3.9998958
POSCAR_3817.vasp,4.0000002
POSCAR_3831.vasp,0.0
POSCAR_3832.vasp,0.0003523
POSCAR_3835.vasp,2.0172459
POSCAR_3845.vasp,3.0942055
POSCAR_3848.vasp,1.937616499999999
POSCAR_3851.vasp,0.077181
POSCAR_3860.vasp,0.0
POSCAR_3864.vasp,2.01969
POSCAR_3872.vasp,0.0
POSCAR_3878.vasp,5.4e-06
POSCAR_3879.vasp,6.27e-05
POSCAR_3883.vasp,5.299999999999997e-06
POSCAR_3887.vasp,0.0005312
POSCAR_3888.vasp,0.0036978
POSCAR_3891.vasp,2.01e-05
POSCAR_3899.vasp,0.0020062
POSCAR_3907.vasp,0.000359799999999
POSCAR_3909.vasp,0.003428499999999
POSCAR_3910.vasp,0.0004439
POSCAR_3917.vasp,0.003023799999999
POSCAR_3919.vasp,0.0002236
POSCAR_3923.vasp,2e-07
POSCAR_3945.vasp,2.7413767
POSCAR_3948.vasp,12.5486541
POSCAR_3951.vasp,7.2162405
POSCAR_3955.vasp,2.7659412
POSCAR_3961.vasp,11.6834312
POSCAR_3970.vasp,14.3943806
POSCAR_3973.vasp,2.9498439
POSCAR_3974.vasp,6.9852646
POSCAR_3975.vasp,11.1781433
POSCAR_3980.vasp,24.0000002
POSCAR_3985.vasp,0.0
POSCAR_3989.vasp,12.0005701
POSCAR_3992.vasp,16.0045845
POSCAR_3996.vasp,32.0013982
POSCAR_4000.vasp,0.0074702
POSCAR_4001.vasp,0.000264099999999
POSCAR_4005.vasp,0.3293837
POSCAR_4006.vasp,0.0008078
POSCAR_4008.vasp,0.000224
POSCAR_4024.vasp,1.3128980000000001
POSCAR_4025.vasp,0.0054364
POSCAR_4026.vasp,6.290000000000001e-05
POSCAR_4028.vasp,2.499999999999999e-06
POSCAR_4031.vasp,5.25e-05
POSCAR_4033.vasp,0.0
POSCAR_4035.vasp,0.0002717
POSCAR_4039.vasp,0.0005821
POSCAR_4041.vasp,0.0004405
POSCAR_4044.vasp,2.0000789
POSCAR_4048.vasp,0.0002449
POSCAR_4059.vasp,0.0003083
POSCAR_4064.vasp,0.0001414
POSCAR_4066.vasp,1.9999337
POSCAR_4068.vasp,0.0
POSCAR_4072.vasp,0.0
POSCAR_4076.vasp,2.0008761
POSCAR_4081.vasp,12.0000005
POSCAR_4090.vasp,20.0075123
POSCAR_4096.vasp,13.9999994
POSCAR_4099.vasp,0.0
POSCAR_4101.vasp,0.0
POSCAR_4111.vasp,4.93e-05
POSCAR_4112.vasp,0.477922399999999
POSCAR_4116.vasp,2.0001337
POSCAR_4123.vasp,0.001271499999999
POSCAR_4124.vasp,0.0005378
POSCAR_4129.vasp,0.291640299999999
POSCAR_4132.vasp,0.0
POSCAR_4136.vasp,2.0115393
POSCAR_4143.vasp,2.9999982
POSCAR_4144.vasp,3.0024338
POSCAR_4145.vasp,12.0000015
POSCAR_4147.vasp,6.0011318
POSCAR_4148.vasp,17.9999981
POSCAR_4154.vasp,0.0
POSCAR_4156.vasp,0.0019938
POSCAR_4160.vasp,0.999945699999999
POSCAR_4161.vasp,1.9995760999999992
POSCAR_4162.vasp,0.0269529
POSCAR_4165.vasp,0.0
POSCAR_4169.vasp,0.0
POSCAR_4176.vasp,2.96e-05
POSCAR_4177.vasp,0.2599993
POSCAR_4193.vasp,7.3465312
POSCAR_4204.vasp,0.0002028
POSCAR_4207.vasp,0.0
POSCAR_4211.vasp,3.54e-05
POSCAR_4212.vasp,0.0
POSCAR_4213.vasp,0.0
POSCAR_4227.vasp,7e-07
POSCAR_4235.vasp,0.3616125
POSCAR_4240.vasp,0.0
POSCAR_4241.vasp,0.2176743
POSCAR_4244.vasp,0.0002098
POSCAR_4247.vasp,0.998569399999999
POSCAR_4248.vasp,0.0307809
POSCAR_4252.vasp,4.9995614
POSCAR_4258.vasp,1.7688059999999992
POSCAR_4266.vasp,0.0011124
POSCAR_4267.vasp,0.0
POSCAR_4276.vasp,0.0
POSCAR_4281.vasp,1.0049679
POSCAR_4282.vasp,1.9998612
POSCAR_4284.vasp,0.0583319
POSCAR_4285.vasp,0.0018884
POSCAR_4289.vasp,7.9974287
POSCAR_4291.vasp,0.017113
POSCAR_4296.vasp,0.0833848
POSCAR_4307.vasp,0.002872199999999
POSCAR_4312.vasp,2e-07
POSCAR_4313.vasp,1e-07
POSCAR_4314.vasp,5.1900000000000015e-05
POSCAR_4318.vasp,0.0
POSCAR_4322.vasp,0.0312418
POSCAR_4328.vasp,0.0326025
POSCAR_4331.vasp,1.9977886999999992
POSCAR_4333.vasp,0.002728
POSCAR_4341.vasp,0.037882099999999
POSCAR_4352.vasp,1.040118399999999
POSCAR_4358.vasp,0.0
POSCAR_4360.vasp,0.0
POSCAR_4365.vasp,0.020122499999999002
POSCAR_4373.vasp,2.0069434
POSCAR_4377.vasp,9.76e-05
POSCAR_4386.vasp,0.0
POSCAR_4389.vasp,0.0
POSCAR_4392.vasp,0.0015485
POSCAR_4401.vasp,15.999247
POSCAR_4408.vasp,3e-06
POSCAR_4411.vasp,1.15e-05
POSCAR_4417.vasp,0.999849099999999
POSCAR_4428.vasp,3.153875
POSCAR_4429.vasp,12.0013055
POSCAR_4433.vasp,1.1298263
POSCAR_4436.vasp,8.0000755
POSCAR_4437.vasp,0.0029269
POSCAR_4441.vasp,2e-07
POSCAR_4444.vasp,0.0
POSCAR_4451.vasp,1.3301973
POSCAR_4452.vasp,1.994483799999999
POSCAR_4453.vasp,3.9806026
POSCAR_4457.vasp,2.1400000000000002e-05
POSCAR_4462.vasp,0.0
POSCAR_4467.vasp,0.0
POSCAR_4468.vasp,0.0
POSCAR_4479.vasp,0.0
POSCAR_4494.vasp,0.003132599999999
POSCAR_4504.vasp,0.0050021
POSCAR_4510.vasp,0.0002675
POSCAR_4511.vasp,0.0020062
POSCAR_4516.vasp,2.004433
POSCAR_4523.vasp,0.0001266
POSCAR_4529.vasp,0.0022827
POSCAR_4533.vasp,0.026685999999999002
POSCAR_4536.vasp,0.005163
POSCAR_4542.vasp,0.0097468
POSCAR_4555.vasp,0.0
POSCAR_4559.vasp,0.9968925
POSCAR_4560.vasp,3.9981356
POSCAR_4570.vasp,6.06e-05
POSCAR_4573.vasp,0.0
POSCAR_4586.vasp,15.9991066
POSCAR_4589.vasp,0.001446499999999
POSCAR_4592.vasp,0.0100401
POSCAR_4594.vasp,1.7276392
POSCAR_4599.vasp,1.0671558
POSCAR_4601.vasp,3.9996529
POSCAR_4602.vasp,0.0005718
POSCAR_4605.vasp,0.0009653999999990001
POSCAR_4609.vasp,0.0
POSCAR_4610.vasp,0.0
POSCAR_4618.vasp,0.0
POSCAR_4629.vasp,2.5469901
POSCAR_4640.vasp,0.961297299999999
POSCAR_4648.vasp,1.0000001
POSCAR_4649.vasp,4.0000001
POSCAR_4653.vasp,4.0000001
POSCAR_4655.vasp,0.9056964
POSCAR_4656.vasp,0.1962417
POSCAR_4666.vasp,3.0485012
POSCAR_4669.vasp,15.9356442
POSCAR_4670.vasp,12.573754
POSCAR_4676.vasp,1.941308499999999
POSCAR_4678.vasp,5.9202246
POSCAR_4679.vasp,0.722362899999999
POSCAR_4687.vasp,3.9988675
POSCAR_4690.vasp,0.9814486
POSCAR_4691.vasp,0.9649512
POSCAR_4699.vasp,0.0157519
POSCAR_4708.vasp,2.8e-06
POSCAR_4713.vasp,1.6588493
POSCAR_4718.vasp,0.6944300000000001
POSCAR_4720.vasp,0.9008611
POSCAR_4724.vasp,0.6820954
POSCAR_4726.vasp,0.8595045
POSCAR_4738.vasp,11.880685
POSCAR_4744.vasp,3.9935635
POSCAR_4750.vasp,0.0
POSCAR_4752.vasp,5.9982556
POSCAR_4758.vasp,4.3210656
POSCAR_4764.vasp,8.170000000000002e-05
POSCAR_4769.vasp,12.0008623
POSCAR_4775.vasp,11.9994146
POSCAR_4788.vasp,0.7504328
POSCAR_4793.vasp,0.0
POSCAR_4797.vasp,14.772684
POSCAR_4801.vasp,112.0011107
POSCAR_4802.vasp,112.0000033
POSCAR_4808.vasp,110.0000017
POSCAR_4809.vasp,12.0000004
POSCAR_4810.vasp,3.9998534
POSCAR_4822.vasp,4.8320309
POSCAR_4831.vasp,0.2422433
POSCAR_4833.vasp,4e-07
POSCAR_4845.vasp,0.0
POSCAR_4851.vasp,0.0
POSCAR_4852.vasp,0.0
POSCAR_4856.vasp,0.0
POSCAR_4857.vasp,0.0
POSCAR_4863.vasp,0.0
POSCAR_4886.vasp,8.0000005
POSCAR_4899.vasp,0.0003149
POSCAR_4905.vasp,0.091312499999999
POSCAR_4906.vasp,0.0003839
POSCAR_4911.vasp,28.0000001
POSCAR_4913.vasp,7.0000004
POSCAR_4917.vasp,7.9999822
POSCAR_4922.vasp,0.0
POSCAR_4924.vasp,13.9999996
POSCAR_4926.vasp,5.0001556
POSCAR_4927.vasp,14.0000005
POSCAR_4929.vasp,0.0
POSCAR_4938.vasp,0.001142899999999
POSCAR_4940.vasp,1.5600000000000003e-05
POSCAR_4942.vasp,0.000359799999999
POSCAR_4943.vasp,0.0
POSCAR_4967.vasp,1.076199
POSCAR_4968.vasp,0.0002015
POSCAR_4969.vasp,0.0
POSCAR_4972.vasp,0.0026493
POSCAR_4973.vasp,1.0000007
POSCAR_4980.vasp,0.0
POSCAR_4982.vasp,0.0
POSCAR_4992.vasp,0.020192599999999002
POSCAR_4993.vasp,7.8e-05
POSCAR_5000.vasp,19.9999994
POSCAR_5002.vasp,4.9994461999999995
POSCAR_5005.vasp,0.00018889999999900002
POSCAR_5009.vasp,0.0
POSCAR_5012.vasp,0.019712999999999002
POSCAR_5013.vasp,1.999990299999999
POSCAR_5016.vasp,3.9989824
POSCAR_5017.vasp,7.9999994999999995
POSCAR_5022.vasp,11.9999997
POSCAR_5023.vasp,5.9916488
POSCAR_5033.vasp,0.00045969999999900005
POSCAR_5038.vasp,0.0
POSCAR_5050.vasp,0.0
POSCAR_5052.vasp,1e-07
POSCAR_5061.vasp,0.0001346
POSCAR_5062.vasp,0.0018388999999990002
POSCAR_5065.vasp,0.4487968
POSCAR_5067.vasp,0.0
POSCAR_5069.vasp,0.0007475
POSCAR_5070.vasp,12.0000095
POSCAR_5074.vasp,1.899999999999999e-06
POSCAR_5090.vasp,5e-07
POSCAR_5092.vasp,0.6471712
POSCAR_5094.vasp,1.0411366
POSCAR_5104.vasp,0.7226249
POSCAR_5113.vasp,0.0
POSCAR_5118.vasp,0.00021319999999900002
POSCAR_5120.vasp,0.0122562
POSCAR_5127.vasp,0.0
POSCAR_5128.vasp,0.0
POSCAR_5137.vasp,0.0
POSCAR_5150.vasp,1e-07
POSCAR_5154.vasp,0.0
POSCAR_5158.vasp,0.000469399999999
POSCAR_5163.vasp,1.956135999999999
POSCAR_5164.vasp,7.999496
POSCAR_5167.vasp,16.0000001
POSCAR_5174.vasp,2.54e-05
POSCAR_5185.vasp,1.2274483
POSCAR_5188.vasp,0.0
POSCAR_5193.vasp,7.38e-05
POSCAR_5195.vasp,0.0172689
POSCAR_5213.vasp,0.0018769
POSCAR_5219.vasp,0.002895999999999
POSCAR_5222.vasp,0.0
POSCAR_5226.vasp,0.0002649
POSCAR_5230.vasp,1.7500000000000002e-05
POSCAR_5239.vasp,0.095130899999999
POSCAR_5243.vasp,0.0009341999999990001
POSCAR_5246.vasp,0.9385749
POSCAR_5248.vasp,2.0024049
POSCAR_5263.vasp,2.9239325
POSCAR_5265.vasp,3.9989593
POSCAR_5266.vasp,0.0001226
POSCAR_5268.vasp,0.0
POSCAR_5272.vasp,0.0001705
POSCAR_5275.vasp,1.0300000000000001e-05
POSCAR_5279.vasp,0.0034647
POSCAR_5292.vasp,0.0014627
POSCAR_5297.vasp,4.1973172
POSCAR_5308.vasp,0.0056199
POSCAR_5313.vasp,28.0039573
POSCAR_5316.vasp,20.008487
POSCAR_5318.vasp,8e-07
POSCAR_5323.vasp,0.0
POSCAR_5333.vasp,0.0
POSCAR_5342.vasp,6.8394297
POSCAR_5343.vasp,4.0002107
POSCAR_5347.vasp,3.9999879
POSCAR_5366.vasp,0.0057852
POSCAR_5372.vasp,9.5234256
POSCAR_5381.vasp,1.0003199
POSCAR_5386.vasp,0.0001993
POSCAR_5387.vasp,0.001404799999999
POSCAR_5389.vasp,0.0
POSCAR_5391.vasp,0.0034075
POSCAR_5392.vasp,1.25e-05
POSCAR_5400.vasp,0.0
POSCAR_5403.vasp,0.0
POSCAR_5409.vasp,0.0090929
POSCAR_5415.vasp,0.0015214999999990002
POSCAR_5431.vasp,0.0
POSCAR_5439.vasp,0.9822713999999991
POSCAR_5442.vasp,0.0005235999999990001
POSCAR_5444.vasp,1.9990117
POSCAR_5457.vasp,0.0008774999999990001
POSCAR_5458.vasp,2.286279399999999
POSCAR_5460.vasp,1.4968986
POSCAR_5466.vasp,8.0000583
POSCAR_5468.vasp,0.6731339
POSCAR_5469.vasp,0.8828539
POSCAR_5470.vasp,0.9322317
POSCAR_5472.vasp,0.9997273
POSCAR_5484.vasp,0.3893371
POSCAR_5488.vasp,0.0
POSCAR_5496.vasp,0.9999566
POSCAR_5498.vasp,0.0
POSCAR_5512.vasp,0.0
POSCAR_5513.vasp,3.0
POSCAR_5514.vasp,0.000739
POSCAR_5520.vasp,3.9999991
POSCAR_5521.vasp,7e-07
POSCAR_5524.vasp,2.8078944
POSCAR_5530.vasp,2.8739456
POSCAR_5534.vasp,11.9999998
POSCAR_5540.vasp,0.008971
POSCAR_5558.vasp,0.003635299999999
POSCAR_5559.vasp,3.999996
POSCAR_5564.vasp,1.4077495
POSCAR_5570.vasp,32.0
POSCAR_5574.vasp,2.0018387
POSCAR_5576.vasp,1.3669357
POSCAR_5582.vasp,1e-07
POSCAR_5585.vasp,0.001374899999999
POSCAR_5595.vasp,0.00023769999999900002
POSCAR_5600.vasp,0.0
POSCAR_5613.vasp,0.0
POSCAR_5620.vasp,0.0
POSCAR_5625.vasp,0.3169806
POSCAR_5630.vasp,0.0
POSCAR_5637.vasp,0.0011343
POSCAR_5638.vasp,6.599999999999999e-06
POSCAR_5651.vasp,0.00023669999999900002
POSCAR_5666.vasp,1.7000000000000003e-05
POSCAR_5668.vasp,0.0004938
POSCAR_5669.vasp,0.0151176
POSCAR_5676.vasp,0.0008441999999990001
POSCAR_5679.vasp,1.27e-05
POSCAR_5688.vasp,0.0002003
POSCAR_5690.vasp,0.4305845
POSCAR_5702.vasp,2.0017491
POSCAR_5704.vasp,0.001516199999999
POSCAR_5706.vasp,4.8700000000000005e-05
POSCAR_5707.vasp,16.0048208
POSCAR_5709.vasp,0.0
POSCAR_5713.vasp,0.0172411
POSCAR_5715.vasp,0.0
POSCAR_5717.vasp,0.0
POSCAR_5726.vasp,0.0001352
POSCAR_5735.vasp,0.0015792
POSCAR_5740.vasp,0.0011488
POSCAR_5745.vasp,0.0012504
POSCAR_5752.vasp,0.0022538
POSCAR_5753.vasp,0.0070043
POSCAR_5756.vasp,0.0021126
POSCAR_5762.vasp,1.3100000000000002e-05
POSCAR_5764.vasp,0.002598999999999
POSCAR_5766.vasp,0.00018559999999900003
POSCAR_5769.vasp,5.9e-06
POSCAR_5770.vasp,0.0005436999999990001
POSCAR_5772.vasp,0.0008678
POSCAR_5777.vasp,1.6100000000000002e-05
POSCAR_5783.vasp,0.0
POSCAR_5798.vasp,0.00022459999999900002
POSCAR_5800.vasp,2.3568923
POSCAR_5802.vasp,0.010163
POSCAR_5804.vasp,1e-07
POSCAR_5806.vasp,0.0
POSCAR_5811.vasp,0.0
POSCAR_5812.vasp,2.04e-05
POSCAR_5814.vasp,2.5148761
POSCAR_5819.vasp,0.002085999999999
POSCAR_5841.vasp,0.0
POSCAR_5845.vasp,24.0071822
POSCAR_5847.vasp,0.9993563
POSCAR_5849.vasp,8.0000064
POSCAR_5853.vasp,8.000182
POSCAR_5863.vasp,4.8e-06
POSCAR_5864.vasp,6.7291128
POSCAR_5867.vasp,6.53e-05
POSCAR_5869.vasp,23.9967487
POSCAR_5874.vasp,3.7300000000000005e-05
POSCAR_5876.vasp,0.0
POSCAR_5880.vasp,0.0001412
POSCAR_5882.vasp,1.8e-06
POSCAR_5885.vasp,10.0032291
POSCAR_5894.vasp,0.0025369
POSCAR_5899.vasp,2.6e-06
POSCAR_5909.vasp,0.0
POSCAR_5910.vasp,0.0
POSCAR_5912.vasp,0.0
POSCAR_5913.vasp,0.0
POSCAR_5915.vasp,0.0002936
POSCAR_5917.vasp,0.0
POSCAR_5920.vasp,23.9922846
POSCAR_5929.vasp,0.9999977
POSCAR_5932.vasp,0.0030201
POSCAR_5934.vasp,23.9902495
POSCAR_5957.vasp,0.0006661
POSCAR_5963.vasp,0.0
POSCAR_5971.vasp,0.9862884999999991
POSCAR_5972.vasp,2.0017222
POSCAR_5973.vasp,0.0008091999999990001
POSCAR_5975.vasp,0.0
POSCAR_5977.vasp,0.0
POSCAR_5978.vasp,0.003436
POSCAR_5985.vasp,0.0001021
POSCAR_5987.vasp,0.0012686
POSCAR_5988.vasp,0.0
POSCAR_5990.vasp,0.0003283
POSCAR_5992.vasp,0.0
POSCAR_5993.vasp,1.0009275
POSCAR_5995.vasp,6.440000000000002e-05
POSCAR_5997.vasp,0.001073999999999
POSCAR_6003.vasp,4e-07
POSCAR_6006.vasp,0.0
POSCAR_6008.vasp,0.0025981
POSCAR_6014.vasp,2.999918199999999
POSCAR_6019.vasp,20.0012483
POSCAR_6022.vasp,3.399999999999998e-06
POSCAR_6027.vasp,6.55e-05
POSCAR_6032.vasp,1.3145223
POSCAR_6038.vasp,7e-07
POSCAR_6043.vasp,0.0024502
POSCAR_6045.vasp,5.6e-05
POSCAR_6047.vasp,4.0007133
POSCAR_6049.vasp,8.0000001
POSCAR_6056.vasp,24.0000006
POSCAR_6057.vasp,24.0000007
POSCAR_6066.vasp,6.7162732
POSCAR_6072.vasp,7.9427332
POSCAR_6082.vasp,0.0005849
POSCAR_6087.vasp,1e-07
POSCAR_6089.vasp,0.0007863
POSCAR_6096.vasp,0.0009015999999990001
POSCAR_6097.vasp,0.0003964
POSCAR_6100.vasp,0.0
POSCAR_6102.vasp,2.0065078
POSCAR_6106.vasp,20.0
POSCAR_6107.vasp,10.0000001
POSCAR_6112.vasp,0.0551293
POSCAR_6124.vasp,7.9192806000000004
POSCAR_6130.vasp,0.001122199999999
POSCAR_6139.vasp,0.9466735
POSCAR_6141.vasp,0.813022599999999
POSCAR_6143.vasp,0.000328399999999
POSCAR_6166.vasp,0.0003803
POSCAR_6169.vasp,0.0
POSCAR_6178.vasp,0.0001109
POSCAR_6183.vasp,12.0000003
POSCAR_6187.vasp,0.8507357
POSCAR_6191.vasp,4.0013644
POSCAR_6204.vasp,2.7e-06
POSCAR_6211.vasp,0.0012721
POSCAR_6213.vasp,0.0009741999999990001
POSCAR_6215.vasp,0.0005457999999990001
POSCAR_6216.vasp,0.0
POSCAR_6220.vasp,0.0038927
POSCAR_6222.vasp,0.0016562
POSCAR_6229.vasp,12.0000001
POSCAR_6232.vasp,0.00033000000000000005
POSCAR_6234.vasp,17.9991696
POSCAR_6244.vasp,8.800893199999999
POSCAR_6253.vasp,0.0
POSCAR_6261.vasp,0.0
POSCAR_6264.vasp,0.0015485
POSCAR_6266.vasp,0.0001463
POSCAR_6272.vasp,4.0602088
POSCAR_6275.vasp,15.5379632
POSCAR_6279.vasp,0.0
POSCAR_6283.vasp,1.15e-05
POSCAR_6290.vasp,0.0
POSCAR_6292.vasp,0.6713848
POSCAR_6315.vasp,2.3866167
POSCAR_6320.vasp,3.9994326
POSCAR_6324.vasp,1.994483799999999
POSCAR_6325.vasp,3.9806026
POSCAR_6326.vasp,0.102681399999999
POSCAR_6333.vasp,0.0
POSCAR_6336.vasp,0.0
POSCAR_6339.vasp,0.0
POSCAR_6359.vasp,0.0007144
POSCAR_6364.vasp,0.0001641
POSCAR_6370.vasp,0.0002992
POSCAR_6372.vasp,0.0356688
POSCAR_6380.vasp,0.0
POSCAR_6381.vasp,0.0003806
POSCAR_6385.vasp,7.94e-05
POSCAR_6389.vasp,0.0003628
POSCAR_6392.vasp,5.9300000000000005e-05
POSCAR_6396.vasp,0.0009971
POSCAR_6398.vasp,0.317585299999999
POSCAR_6402.vasp,0.0011744
POSCAR_6407.vasp,3.1005888
POSCAR_6411.vasp,0.0
POSCAR_6412.vasp,0.001640599999999
POSCAR_6432.vasp,3.9981356
POSCAR_6442.vasp,6.06e-05
POSCAR_6449.vasp,0.0
POSCAR_6458.vasp,15.9991066
POSCAR_6462.vasp,0.0
POSCAR_6463.vasp,0.0004816
POSCAR_6472.vasp,2.8208124
POSCAR_6486.vasp,2.1207008
POSCAR_6489.vasp,0.003597099999999
POSCAR_6491.vasp,0.0
POSCAR_6494.vasp,0.0025586
POSCAR_6502.vasp,2.5442481
POSCAR_6504.vasp,2.9768282
POSCAR_6505.vasp,2.5884167
POSCAR_6507.vasp,3.6746229
POSCAR_6513.vasp,0.932715299999999
POSCAR_6523.vasp,4.3995096
POSCAR_6534.vasp,0.9140908
POSCAR_6538.vasp,3.0485012
POSCAR_6540.vasp,9.0082449
POSCAR_6547.vasp,11.3046764
POSCAR_6554.vasp,0.8974445
POSCAR_6555.vasp,0.2250732
POSCAR_6557.vasp,2.0792645
POSCAR_6560.vasp,0.9933301
POSCAR_6562.vasp,0.9814486
POSCAR_6567.vasp,1.9867427
POSCAR_6570.vasp,4.7e-06
POSCAR_6574.vasp,5.0220103
POSCAR_6576.vasp,8.003602
POSCAR_6577.vasp,1.9985689
POSCAR_6581.vasp,6.0018099
POSCAR_6588.vasp,3.999999899999999
POSCAR_6591.vasp,0.9400155
POSCAR_6594.vasp,1.6141964
POSCAR_6596.vasp,0.6820954
POSCAR_6599.vasp,0.0645792
POSCAR_6602.vasp,1.365087599999999
POSCAR_6606.vasp,12.0000004
POSCAR_6607.vasp,1.0695773
POSCAR_6614.vasp,0.002120399999999
POSCAR_6615.vasp,7.9992961
POSCAR_6624.vasp,5.9982556
POSCAR_6625.vasp,11.9999995
POSCAR_6629.vasp,0.483657299999999
POSCAR_6642.vasp,0.0038762
POSCAR_6643.vasp,48.0057909
POSCAR_6644.vasp,0.073429399999999
POSCAR_6646.vasp,12.0019952
POSCAR_6648.vasp,0.3665543
POSCAR_6652.vasp,0.3719384
POSCAR_6653.vasp,2.7992277
POSCAR_6657.vasp,4.1012055
POSCAR_6659.vasp,6.8029994
POSCAR_6660.vasp,0.7504328
POSCAR_6676.vasp,112.0000102
POSCAR_6678.vasp,111.9999424
POSCAR_6680.vasp,110.0000017
POSCAR_6681.vasp,12.0000004
POSCAR_6682.vasp,3.9998534
POSCAR_6688.vasp,5.8711051
POSCAR_6689.vasp,2.0004248
POSCAR_6693.vasp,6.0000001
POSCAR_6695.vasp,3.9999609
POSCAR_6706.vasp,6.49e-05
POSCAR_6708.vasp,0.0
POSCAR_6709.vasp,0.0001525
POSCAR_6711.vasp,0.0
POSCAR_6713.vasp,0.0
POSCAR_6723.vasp,0.0
POSCAR_6727.vasp,2.2e-06
POSCAR_6728.vasp,0.0
POSCAR_6729.vasp,0.0
POSCAR_6730.vasp,0.0
POSCAR_6733.vasp,0.0
POSCAR_6740.vasp,0.0012465
POSCAR_6741.vasp,0.0
POSCAR_6742.vasp,2e-07
POSCAR_6748.vasp,3.0265081
POSCAR_6751.vasp,1.993234
POSCAR_6757.vasp,7.9899598
POSCAR_6760.vasp,8.0186257
POSCAR_6769.vasp,1.9982435
POSCAR_6770.vasp,0.0074039
POSCAR_6772.vasp,0.002314199999999
POSCAR_6773.vasp,0.0018862999999990002
POSCAR_6774.vasp,0.8140836
POSCAR_6776.vasp,0.0
POSCAR_6778.vasp,0.0003839
POSCAR_6780.vasp,0.0
POSCAR_6783.vasp,28.0000001
POSCAR_6787.vasp,6.9976264
POSCAR_6788.vasp,4.0012924
POSCAR_6795.vasp,0.0
POSCAR_6800.vasp,0.0
POSCAR_6805.vasp,0.0022664
POSCAR_6811.vasp,0.0
POSCAR_6834.vasp,0.0246876
POSCAR_6856.vasp,0.0
POSCAR_6859.vasp,15.0
POSCAR_6863.vasp,0.9997940999999991
POSCAR_6864.vasp,0.020192599999999002
POSCAR_6876.vasp,0.0
POSCAR_6885.vasp,3.9996598
POSCAR_6886.vasp,5.9604428
POSCAR_6888.vasp,2.000006
POSCAR_6897.vasp,0.0
POSCAR_6901.vasp,0.0
POSCAR_6909.vasp,1.0528167
POSCAR_6923.vasp,7.8e-05
POSCAR_6925.vasp,0.6265599
POSCAR_6929.vasp,0.000523
POSCAR_6940.vasp,0.001989099999999
POSCAR_6941.vasp,0.0
POSCAR_6945.vasp,0.006770399999999
POSCAR_6948.vasp,10.0013476
POSCAR_6949.vasp,2.003056
POSCAR_6953.vasp,0.0
POSCAR_6954.vasp,0.0
POSCAR_6958.vasp,3.4800000000000006e-05
POSCAR_6960.vasp,0.0
POSCAR_6967.vasp,2e-07
POSCAR_6971.vasp,0.0
POSCAR_6973.vasp,0.0
POSCAR_6975.vasp,0.0
POSCAR_6976.vasp,0.0
POSCAR_6994.vasp,3.9999268
POSCAR_7006.vasp,2.0086639
POSCAR_7010.vasp,1.0
POSCAR_7012.vasp,2.9999995
POSCAR_7014.vasp,8.550000000000003e-05
POSCAR_7017.vasp,7.9994285
POSCAR_7018.vasp,0.9996199
POSCAR_7019.vasp,0.0
POSCAR_7023.vasp,7.9982915
POSCAR_7025.vasp,3.9975699000000002
POSCAR_7027.vasp,0.0
POSCAR_7032.vasp,4.78e-05
POSCAR_7035.vasp,6.9071333
POSCAR_7036.vasp,0.0013100000000000002
POSCAR_7037.vasp,0.1915083
POSCAR_7039.vasp,9.3e-06
POSCAR_7046.vasp,0.007923399999999001
POSCAR_7050.vasp,0.0
POSCAR_7053.vasp,0.0019876
POSCAR_7059.vasp,0.0017025
POSCAR_7060.vasp,0.0
POSCAR_7062.vasp,0.0
POSCAR_7068.vasp,0.9987436999999991
POSCAR_7071.vasp,0.0001315
POSCAR_7078.vasp,4.0067708
POSCAR_7079.vasp,9.699999999999999e-06
POSCAR_7080.vasp,3.9777358
POSCAR_7089.vasp,4.5115273
POSCAR_7092.vasp,12.0000006
POSCAR_7108.vasp,20.0000001
POSCAR_7111.vasp,4.8e-06
POSCAR_7119.vasp,5.1600000000000014e-05
POSCAR_7120.vasp,0.0006026
POSCAR_7123.vasp,0.0
POSCAR_7130.vasp,0.0
POSCAR_7131.vasp,0.0012246
POSCAR_7132.vasp,0.0
POSCAR_7133.vasp,0.016279599999999003
POSCAR_7135.vasp,0.0
POSCAR_7142.vasp,3.8204617
POSCAR_7144.vasp,1.0015996
POSCAR_7147.vasp,0.00013419999999900002
POSCAR_7150.vasp,9.650000000000001e-05
POSCAR_7152.vasp,16.0
POSCAR_7153.vasp,16.0044408
POSCAR_7162.vasp,16.0021897
POSCAR_7164.vasp,7.9999106
POSCAR_7174.vasp,5.2400000000000007e-05
POSCAR_7176.vasp,0.0
POSCAR_7180.vasp,2.05e-05
POSCAR_7183.vasp,0.0001582
POSCAR_7188.vasp,0.0002511
POSCAR_7191.vasp,7.780000000000002e-05
POSCAR_7192.vasp,4.64e-05
POSCAR_7196.vasp,0.0038353
POSCAR_7199.vasp,0.00015979999999900002
POSCAR_7206.vasp,0.0
POSCAR_7210.vasp,2.2e-06
POSCAR_7212.vasp,3.4900000000000015e-05
POSCAR_7214.vasp,0.0004212
POSCAR_7221.vasp,0.000961699999999
POSCAR_7222.vasp,0.0001013
POSCAR_7227.vasp,1.43e-05
POSCAR_7232.vasp,7.31e-05
POSCAR_7234.vasp,1e-07
POSCAR_7236.vasp,0.0002938
POSCAR_7240.vasp,3.9642095
POSCAR_7243.vasp,0.0
POSCAR_7248.vasp,0.0
POSCAR_7249.vasp,0.0005251
POSCAR_7251.vasp,0.0001314
POSCAR_7266.vasp,1.974898
POSCAR_7270.vasp,7.9999994
POSCAR_7279.vasp,0.0
POSCAR_7283.vasp,9.400000000000001e-05
POSCAR_7291.vasp,0.0
POSCAR_7292.vasp,1.1e-06
POSCAR_7309.vasp,9.0000001
POSCAR_7310.vasp,0.0
POSCAR_7313.vasp,1.0006766
POSCAR_7317.vasp,3.0000278
POSCAR_7318.vasp,5.8948556
POSCAR_7323.vasp,0.0002141
POSCAR_7327.vasp,0.0010321
POSCAR_7331.vasp,0.0
POSCAR_7335.vasp,3.9979398
POSCAR_7354.vasp,64.0000304
POSCAR_7355.vasp,8.0001461
POSCAR_7356.vasp,7.9997498
POSCAR_7357.vasp,15.9999711
POSCAR_7358.vasp,15.9999863
POSCAR_7363.vasp,0.000106699999999
POSCAR_7366.vasp,15.999948
POSCAR_7372.vasp,8.0004811
POSCAR_7378.vasp,40.0001018
POSCAR_7379.vasp,32.000102
POSCAR_7380.vasp,32.0000638
POSCAR_7388.vasp,8.0000681
POSCAR_7391.vasp,64.000334
POSCAR_7393.vasp,15.9996135
POSCAR_7405.vasp,0.0
POSCAR_7407.vasp,5.0028096
POSCAR_7424.vasp,3.0
POSCAR_7429.vasp,0.0
POSCAR_7443.vasp,30.0
POSCAR_7445.vasp,10.0192488
POSCAR_7446.vasp,20.0000001
POSCAR_7451.vasp,10.0
POSCAR_7452.vasp,29.9972445
POSCAR_7455.vasp,39.9989933
POSCAR_7456.vasp,90.0013408
POSCAR_7460.vasp,29.9992905
POSCAR_7463.vasp,20.0151153
POSCAR_7465.vasp,19.9989281
POSCAR_7471.vasp,20.0024638
POSCAR_7478.vasp,0.0007838999999990001
POSCAR_7479.vasp,29.995905
POSCAR_7483.vasp,10.0
POSCAR_7484.vasp,8.0004667
POSCAR_7486.vasp,0.000158899999999
POSCAR_7488.vasp,1.2100000000000001e-05
POSCAR_7489.vasp,0.0
POSCAR_7499.vasp,0.0003313
POSCAR_7502.vasp,1e-07
POSCAR_7503.vasp,0.0
POSCAR_7504.vasp,8.0001496
POSCAR_7510.vasp,0.0001113
POSCAR_7511.vasp,2.29e-05
POSCAR_7512.vasp,0.0002093
POSCAR_7515.vasp,0.0
POSCAR_7522.vasp,0.0004728
POSCAR_7523.vasp,0.0
POSCAR_7527.vasp,0.3930634
POSCAR_7535.vasp,0.0
POSCAR_7536.vasp,3.0400000000000004e-05
POSCAR_7537.vasp,0.0
POSCAR_7541.vasp,2.0001388
POSCAR_7542.vasp,1.9992064999999992
POSCAR_7551.vasp,6.0000001
POSCAR_7553.vasp,5.9899161
POSCAR_7562.vasp,2e-07
POSCAR_7564.vasp,0.0
POSCAR_7566.vasp,3.05e-05
POSCAR_7572.vasp,4.0023941
POSCAR_7573.vasp,4.0015781
POSCAR_7576.vasp,4.0000134
POSCAR_7578.vasp,3.998533799999999
POSCAR_7587.vasp,7.9980864
POSCAR_7588.vasp,2.0001581
POSCAR_7589.vasp,2.0010194
POSCAR_7595.vasp,0.0003296
POSCAR_7600.vasp,5e-07
POSCAR_7613.vasp,0.0013227
POSCAR_7614.vasp,0.001127
POSCAR_7617.vasp,0.0002293
POSCAR_7619.vasp,7.9997979
POSCAR_7621.vasp,0.0006633
POSCAR_7633.vasp,0.0014887
POSCAR_7637.vasp,4.0238566
POSCAR_7656.vasp,0.057764499999999004
POSCAR_7660.vasp,1.9970961999999992
POSCAR_7665.vasp,0.0009352
POSCAR_7687.vasp,2.0002471
POSCAR_7688.vasp,3.9668406
POSCAR_7691.vasp,5.0580371
POSCAR_7695.vasp,1e-07
POSCAR_7697.vasp,15.7553774
POSCAR_7700.vasp,3.9980132999999993
POSCAR_7703.vasp,0.0
POSCAR_7707.vasp,2.0172459
POSCAR_7713.vasp,0.1334849
POSCAR_7715.vasp,11.9977123
POSCAR_7731.vasp,0.0
POSCAR_7733.vasp,2.0071721
POSCAR_7744.vasp,0.0
POSCAR_7746.vasp,3.4823792
POSCAR_7756.vasp,0.0001307
POSCAR_7763.vasp,2.01e-05
POSCAR_7765.vasp,0.000717
POSCAR_7773.vasp,0.0007452
POSCAR_7783.vasp,0.0009703
POSCAR_7788.vasp,0.0
POSCAR_7791.vasp,0.0002236
POSCAR_7793.vasp,0.003156399999999
POSCAR_7794.vasp,0.3954025
POSCAR_7795.vasp,2e-07
POSCAR_7803.vasp,0.0332291
POSCAR_7805.vasp,2.0000001
POSCAR_7812.vasp,1.9999175
POSCAR_7814.vasp,0.0008380999999990001
POSCAR_7823.vasp,7.2162405
POSCAR_7837.vasp,11.0533758
POSCAR_7839.vasp,8.8228608
POSCAR_7841.vasp,27.9945615
POSCAR_7842.vasp,14.3943806
POSCAR_7857.vasp,0.0
POSCAR_7858.vasp,3.9991328999999993
POSCAR_7861.vasp,12.0005701
POSCAR_7865.vasp,32.0037009
POSCAR_7871.vasp,16.0000001
POSCAR_7873.vasp,10.0
POSCAR_7874.vasp,10.0
POSCAR_7877.vasp,0.0
POSCAR_7889.vasp,20.0000003
POSCAR_7891.vasp,5.0000452
POSCAR_7895.vasp,24.0000003
POSCAR_7899.vasp,28.0000023
POSCAR_7907.vasp,10.004428
POSCAR_7912.vasp,9.9999999
POSCAR_7914.vasp,11.9701094
POSCAR_7915.vasp,3.0018107
POSCAR_7917.vasp,40.0028064
POSCAR_7920.vasp,39.9999997
POSCAR_7927.vasp,40.0000013
POSCAR_7928.vasp,80.0027794
POSCAR_7932.vasp,9.9999993
POSCAR_7941.vasp,20.0018715
POSCAR_7945.vasp,5.7796585
POSCAR_7946.vasp,15.9761536
POSCAR_7947.vasp,3.9994283999999993
POSCAR_7961.vasp,8.94e-05
POSCAR_7965.vasp,0.0
POSCAR_7967.vasp,0.00020779999999900002
POSCAR_7968.vasp,0.00040189999999900005
POSCAR_7969.vasp,0.0004437
POSCAR_7970.vasp,0.0
POSCAR_7975.vasp,9.390000000000003e-05
POSCAR_7977.vasp,0.0001636
POSCAR_7980.vasp,1.69e-05
POSCAR_7982.vasp,0.0001592
POSCAR_7989.vasp,0.0692935
POSCAR_7994.vasp,0.0454476
POSCAR_8002.vasp,0.0006552
POSCAR_8013.vasp,5.998201
POSCAR_8014.vasp,0.0003232
POSCAR_8019.vasp,4.012815
POSCAR_8032.vasp,4.7400000000000014e-05
POSCAR_8034.vasp,10.0003479
POSCAR_8035.vasp,0.0004463
POSCAR_8036.vasp,0.0
POSCAR_8038.vasp,0.0048205
POSCAR_8040.vasp,0.7692734
POSCAR_8046.vasp,0.041758199999999
POSCAR_8048.vasp,0.0027876
POSCAR_8050.vasp,2e-07
POSCAR_8053.vasp,0.0006131
POSCAR_8061.vasp,0.0484955
POSCAR_8064.vasp,3.2025246
POSCAR_8069.vasp,0.0
POSCAR_8071.vasp,4.0191709
POSCAR_8076.vasp,0.0091074
POSCAR_8085.vasp,0.0012668
POSCAR_8088.vasp,0.002785299999999
POSCAR_8095.vasp,7.9999991
POSCAR_8100.vasp,3.9988747
POSCAR_8103.vasp,4e-07
POSCAR_8107.vasp,2.8900000000000005e-05
POSCAR_8109.vasp,3e-06
POSCAR_8118.vasp,0.0041807
POSCAR_8129.vasp,5.31e-05
POSCAR_8135.vasp,0.0011585
POSCAR_8138.vasp,0.000339799999999
POSCAR_8139.vasp,0.0003027
POSCAR_8145.vasp,2.847550199999999
POSCAR_8147.vasp,16.0059018
POSCAR_8160.vasp,0.0
POSCAR_8162.vasp,0.0
POSCAR_8168.vasp,8.0
POSCAR_8170.vasp,0.0005771999999990001
POSCAR_8172.vasp,1.1e-06
POSCAR_8173.vasp,6.099999999999997e-06
POSCAR_8175.vasp,0.0021078
POSCAR_8178.vasp,0.003401099999999
POSCAR_8191.vasp,3.9500000000000005e-05
POSCAR_8195.vasp,0.0006659999999990001
POSCAR_8199.vasp,0.1299785
POSCAR_8210.vasp,0.9583974
POSCAR_8211.vasp,23.999999
POSCAR_8217.vasp,0.0
POSCAR_8218.vasp,1.0700000000000001e-05
POSCAR_8228.vasp,3.9341065
POSCAR_8229.vasp,2.0279758
POSCAR_8231.vasp,0.0002491
POSCAR_8241.vasp,6.878990799999999
POSCAR_8247.vasp,8.6335973
POSCAR_8260.vasp,6.9495629999999995
POSCAR_8267.vasp,6.8133932999999995
POSCAR_8269.vasp,42.0000004
POSCAR_8272.vasp,6.9999999
POSCAR_8273.vasp,27.9999917
POSCAR_8280.vasp,6.0079449
POSCAR_8289.vasp,7.116804
POSCAR_8295.vasp,13.4203772
POSCAR_8302.vasp,28.0000004
POSCAR_8303.vasp,28.0000005
POSCAR_8307.vasp,6.6650171
POSCAR_8308.vasp,6.2524081
POSCAR_8311.vasp,6.8473223
POSCAR_8312.vasp,24.0004153
POSCAR_8313.vasp,24.000777
POSCAR_8325.vasp,14.0021106
POSCAR_8332.vasp,6.9002566
POSCAR_8337.vasp,27.8784398
POSCAR_8344.vasp,9.5591468
POSCAR_8345.vasp,6.7977491
POSCAR_8347.vasp,0.0624058
POSCAR_8353.vasp,9.9999998
POSCAR_8354.vasp,1.4e-06
POSCAR_8359.vasp,5.0000302
POSCAR_8368.vasp,20.0000004
POSCAR_8369.vasp,5.0000007
POSCAR_8372.vasp,8.0001598
POSCAR_8376.vasp,8.301329
POSCAR_8379.vasp,8.3549941
POSCAR_8383.vasp,0.0
POSCAR_8389.vasp,23.9999844
POSCAR_8397.vasp,16.0231149
POSCAR_8399.vasp,3.9993122
POSCAR_8412.vasp,40.0073042
POSCAR_8415.vasp,0.0007172999999990001
POSCAR_8422.vasp,0.0007614
POSCAR_8423.vasp,0.0005189
POSCAR_8426.vasp,21.9083014
POSCAR_8428.vasp,21.1906251
POSCAR_8429.vasp,21.888467
POSCAR_8438.vasp,14.0000004
POSCAR_8441.vasp,7.0744849
POSCAR_8452.vasp,5.9999999
POSCAR_8462.vasp,24.0000019
POSCAR_8463.vasp,7.000828
POSCAR_8469.vasp,6.5779426
POSCAR_8472.vasp,24.0002879
POSCAR_8476.vasp,0.000103799999999
POSCAR_8482.vasp,0.0
POSCAR_8494.vasp,0.00018199999999900002
POSCAR_8504.vasp,0.0
POSCAR_8510.vasp,0.0
POSCAR_8511.vasp,0.0
POSCAR_8515.vasp,0.0
POSCAR_8519.vasp,0.0001547
POSCAR_8525.vasp,0.0
POSCAR_8540.vasp,0.0
POSCAR_8542.vasp,0.000340099999999
POSCAR_8544.vasp,0.0
POSCAR_8546.vasp,0.0123883
POSCAR_8550.vasp,0.5782255
POSCAR_8552.vasp,4.0002217
POSCAR_8560.vasp,0.00015769999999900002
POSCAR_8568.vasp,0.0022294
POSCAR_8575.vasp,0.0
POSCAR_8581.vasp,7.2e-06
POSCAR_8582.vasp,7.2e-06
POSCAR_8584.vasp,7.15e-05
POSCAR_8591.vasp,0.0
POSCAR_8593.vasp,0.0
POSCAR_8594.vasp,0.0
POSCAR_8600.vasp,0.978172199999999
POSCAR_8611.vasp,0.0006508999999990001
POSCAR_8616.vasp,0.0004574
POSCAR_8618.vasp,0.0006552999999990001
POSCAR_8619.vasp,0.0
POSCAR_8621.vasp,0.000163
POSCAR_8626.vasp,16.0053175
POSCAR_8628.vasp,24.0
POSCAR_8629.vasp,16.0015293
POSCAR_8638.vasp,0.0004216
POSCAR_8639.vasp,1e-06
POSCAR_8642.vasp,0.000317299999999
POSCAR_8650.vasp,0.968378099999999
POSCAR_8653.vasp,1.2909983
POSCAR_8655.vasp,0.0
POSCAR_8671.vasp,0.6380464
POSCAR_8672.vasp,5.64e-05
POSCAR_8676.vasp,5.1500000000000005e-05
POSCAR_8686.vasp,0.0014355
POSCAR_8689.vasp,0.001141799999999
POSCAR_8698.vasp,0.0
POSCAR_8701.vasp,0.0004384
POSCAR_8702.vasp,0.000299699999999
POSCAR_8706.vasp,0.001112299999999
POSCAR_8711.vasp,0.0
POSCAR_8715.vasp,0.0
POSCAR_8716.vasp,0.0
POSCAR_8720.vasp,0.002486099999999
POSCAR_8725.vasp,0.00024359999999900003
POSCAR_8728.vasp,1.5300000000000003e-05
POSCAR_8729.vasp,7.010000000000001e-05
POSCAR_8731.vasp,1.6557594
POSCAR_8733.vasp,0.0
POSCAR_8734.vasp,0.002031
POSCAR_8735.vasp,2.9800000000000003e-05
POSCAR_8736.vasp,0.0051862
POSCAR_8737.vasp,1.9998285
POSCAR_8739.vasp,0.065477
POSCAR_8750.vasp,20.0028292
POSCAR_8770.vasp,0.0
POSCAR_8772.vasp,6.570000000000001e-05
POSCAR_8774.vasp,0.0
POSCAR_8781.vasp,3.0
POSCAR_8782.vasp,0.0
POSCAR_8783.vasp,7.99967
POSCAR_8787.vasp,2.4844651
POSCAR_8788.vasp,0.000337299999999
POSCAR_8789.vasp,0.0
POSCAR_8790.vasp,0.0018361
POSCAR_8794.vasp,8.0
POSCAR_8795.vasp,7.9978001
POSCAR_8801.vasp,7.9999997
POSCAR_8817.vasp,3.9746175999999993
POSCAR_8825.vasp,4.0001133
POSCAR_8838.vasp,0.046448699999999
POSCAR_8843.vasp,0.0005656999999990001
POSCAR_8849.vasp,2.0008854
POSCAR_8853.vasp,0.00015319999999900002
POSCAR_8855.vasp,0.0
POSCAR_8861.vasp,0.0003782
POSCAR_8865.vasp,0.0004811
POSCAR_8867.vasp,4.0001613
POSCAR_8873.vasp,1.4e-06
POSCAR_8874.vasp,0.0
POSCAR_8878.vasp,1.0
POSCAR_8888.vasp,0.6995482
POSCAR_8890.vasp,20.0000018
POSCAR_8892.vasp,9.9999993
POSCAR_8898.vasp,20.0000022
POSCAR_8900.vasp,20.0072372
POSCAR_8906.vasp,0.0
POSCAR_8909.vasp,0.0
POSCAR_8921.vasp,0.0
POSCAR_8922.vasp,0.0
POSCAR_8926.vasp,6.0
POSCAR_8930.vasp,0.0011497
POSCAR_8939.vasp,0.0
POSCAR_8940.vasp,0.143696599999999
POSCAR_8945.vasp,1.0255598
POSCAR_8947.vasp,2.0084574
POSCAR_8949.vasp,2.0009646
POSCAR_8951.vasp,1.7118185000000001
POSCAR_8962.vasp,0.0005046
POSCAR_8968.vasp,0.0003278
POSCAR_8972.vasp,7.9986056
POSCAR_8978.vasp,0.0
POSCAR_8979.vasp,0.0
POSCAR_8982.vasp,0.0
POSCAR_8989.vasp,0.0001793
POSCAR_8992.vasp,0.0006737
POSCAR_8993.vasp,6.819529399999999
POSCAR_8995.vasp,6.5345734
POSCAR_8996.vasp,11.9978573
POSCAR_9001.vasp,1e-07
POSCAR_9006.vasp,3.08e-05
POSCAR_9019.vasp,0.001354199999999
POSCAR_9020.vasp,0.0
POSCAR_9021.vasp,0.0019334999999990003
POSCAR_9025.vasp,7.699999999999999e-06
POSCAR_9030.vasp,0.000469399999999
POSCAR_9031.vasp,0.0
POSCAR_9032.vasp,2.95169
POSCAR_9037.vasp,0.1703835
POSCAR_9052.vasp,3.5e-06
POSCAR_9057.vasp,1.2274483
POSCAR_9069.vasp,0.000136599999999
POSCAR_9071.vasp,0.0001493
POSCAR_9088.vasp,1.3e-06
POSCAR_9093.vasp,0.0
POSCAR_9095.vasp,0.0006425
POSCAR_9097.vasp,1.6399918
POSCAR_9103.vasp,0.003750899999999
POSCAR_9104.vasp,0.000136
POSCAR_9105.vasp,0.0
POSCAR_9110.vasp,0.0
POSCAR_9115.vasp,0.0009341999999990001
POSCAR_9124.vasp,0.9520303
POSCAR_9126.vasp,0.9509727
POSCAR_9127.vasp,0.0009622
POSCAR_9128.vasp,1.7400000000000003e-05
POSCAR_9129.vasp,0.0001199
POSCAR_9133.vasp,0.0
POSCAR_9136.vasp,1.25e-05
POSCAR_9147.vasp,0.0
POSCAR_9158.vasp,0.0227872
POSCAR_9161.vasp,0.0020256
POSCAR_9165.vasp,0.0003057
POSCAR_9169.vasp,0.000401
POSCAR_9171.vasp,7e-07
POSCAR_9177.vasp,0.001344699999999
POSCAR_9182.vasp,0.0
POSCAR_9184.vasp,0.000103
POSCAR_9185.vasp,7.64e-05
POSCAR_9191.vasp,0.00042649999999900005
POSCAR_9194.vasp,0.0
POSCAR_9199.vasp,0.009511499999999
POSCAR_9201.vasp,0.0008774999999990001
POSCAR_9211.vasp,27.9990937
POSCAR_9215.vasp,1.000689
POSCAR_9222.vasp,0.0
POSCAR_9250.vasp,0.0010294
POSCAR_9260.vasp,2.4645144
POSCAR_9277.vasp,11.9985
POSCAR_9279.vasp,0.0
POSCAR_9288.vasp,0.999958999999999
POSCAR_9290.vasp,9e-07
POSCAR_9291.vasp,0.0009314
POSCAR_9292.vasp,0.003407
POSCAR_9297.vasp,1.0549489
POSCAR_9298.vasp,0.0
POSCAR_9300.vasp,0.0
POSCAR_9302.vasp,0.003635299999999
POSCAR_9307.vasp,0.0008968
POSCAR_9308.vasp,1.4077495
POSCAR_9318.vasp,2.0018387
POSCAR_9334.vasp,0.0
POSCAR_9337.vasp,0.0
POSCAR_9346.vasp,3.2300000000000006e-05
POSCAR_9352.vasp,0.0002825
POSCAR_9355.vasp,0.0
POSCAR_9359.vasp,0.0001941
POSCAR_9372.vasp,0.0
POSCAR_9374.vasp,0.0
POSCAR_9376.vasp,0.0
POSCAR_9377.vasp,4.6100000000000016e-05
POSCAR_9386.vasp,0.001707999999999
POSCAR_9387.vasp,0.0
POSCAR_9395.vasp,0.00023669999999900002
POSCAR_9398.vasp,0.0013352
POSCAR_9399.vasp,0.0010631
POSCAR_9405.vasp,0.0010677
POSCAR_9410.vasp,1.7000000000000003e-05
POSCAR_9416.vasp,0.0
POSCAR_9417.vasp,0.0
POSCAR_9420.vasp,0.0008441999999990001
POSCAR_9422.vasp,0.0030943
POSCAR_9427.vasp,12.001834
POSCAR_9430.vasp,0.0046649
POSCAR_9433.vasp,20.0102995
POSCAR_9434.vasp,0.4305845
POSCAR_9448.vasp,0.001516199999999
POSCAR_9449.vasp,2.6491829
POSCAR_9451.vasp,16.0048208
POSCAR_9455.vasp,3.9999987999999993
POSCAR_9457.vasp,0.0172411
POSCAR_9461.vasp,0.0
POSCAR_9463.vasp,1e-07
POSCAR_9476.vasp,0.0003817
POSCAR_9478.vasp,0.011175899999999002
POSCAR_9480.vasp,1.2100000000000001e-05
POSCAR_9482.vasp,0.0001149
POSCAR_9483.vasp,0.0031715
POSCAR_9484.vasp,0.0011488
POSCAR_9492.vasp,0.000683
POSCAR_9497.vasp,0.0070043
POSCAR_9500.vasp,0.0021126
POSCAR_9503.vasp,0.0015446
POSCAR_9508.vasp,0.002598999999999
POSCAR_9511.vasp,0.000149
POSCAR_9512.vasp,5.14e-05
POSCAR_9513.vasp,5.9e-06
POSCAR_9527.vasp,0.0
POSCAR_9528.vasp,0.000215
POSCAR_9530.vasp,6.2e-06
POSCAR_9531.vasp,4.7e-06
POSCAR_9542.vasp,0.00022459999999900002
POSCAR_9545.vasp,0.0082782
POSCAR_9548.vasp,1e-07
POSCAR_9549.vasp,0.0
POSCAR_9550.vasp,0.0
POSCAR_9551.vasp,0.0
POSCAR_9564.vasp,2.7472108
POSCAR_9567.vasp,0.0003617
POSCAR_9574.vasp,2.0004032
POSCAR_9575.vasp,1.9982994
POSCAR_9578.vasp,0.2896073
POSCAR_9580.vasp,0.0005566999999990001
POSCAR_9597.vasp,8.000182
POSCAR_9598.vasp,0.0
POSCAR_9602.vasp,0.0065701
POSCAR_9603.vasp,0.0
POSCAR_9611.vasp,6.53e-05
POSCAR_9612.vasp,4.0000001
POSCAR_9613.vasp,23.9967487
POSCAR_9615.vasp,11.9999999
POSCAR_9616.vasp,19.9998453
POSCAR_9621.vasp,0.0001673
POSCAR_9626.vasp,1.8e-06
POSCAR_9640.vasp,0.11633399999999901
POSCAR_9643.vasp,2.6e-06
POSCAR_9653.vasp,0.0
POSCAR_9660.vasp,5.3186794
POSCAR_9663.vasp,17.9869922
POSCAR_9665.vasp,5.997407
POSCAR_9671.vasp,3.999999599999999
POSCAR_9677.vasp,15.9996798
POSCAR_9679.vasp,3.999646
POSCAR_9685.vasp,0.0
POSCAR_9686.vasp,0.0
POSCAR_9688.vasp,0.0002251
POSCAR_9691.vasp,0.0004618
POSCAR_9693.vasp,3e-07
POSCAR_9694.vasp,0.000342299999999
POSCAR_9708.vasp,6e-07
POSCAR_9714.vasp,4.0075394
POSCAR_9715.vasp,0.9862884999999991
POSCAR_9717.vasp,0.0008091999999990001
POSCAR_9721.vasp,0.0
POSCAR_9723.vasp,0.0008087
POSCAR_9724.vasp,2.11e-05
POSCAR_9727.vasp,0.0
POSCAR_9730.vasp,0.0005731
POSCAR_9731.vasp,0.0012686
POSCAR_9736.vasp,0.0
POSCAR_9746.vasp,9.740000000000002e-05
POSCAR_9751.vasp,8.740000000000002e-05
POSCAR_9757.vasp,3e-07
POSCAR_9763.vasp,20.0012483
POSCAR_9775.vasp,6.099999999999997e-06
POSCAR_9791.vasp,4.0007133
POSCAR_9794.vasp,3.0021106
POSCAR_9805.vasp,2.309489
POSCAR_9806.vasp,0.0345561
POSCAR_9814.vasp,0.0055166
POSCAR_9822.vasp,1.0
POSCAR_9826.vasp,0.0005849
POSCAR_9834.vasp,0.0
POSCAR_9836.vasp,0.0004055
POSCAR_9846.vasp,2.0065078
POSCAR_9847.vasp,7.9999994999999995
POSCAR_9854.vasp,0.637182599999999
POSCAR_9856.vasp,0.0551293
POSCAR_9859.vasp,16.0036945
POSCAR_9862.vasp,20.0
POSCAR_9869.vasp,5.7855204
POSCAR_9877.vasp,0.0022959
POSCAR_9883.vasp,0.9466735
POSCAR_9892.vasp,7.9986438
POSCAR_9898.vasp,0.0
POSCAR_9904.vasp,0.0
POSCAR_9911.vasp,0.0007191999999990001
POSCAR_9917.vasp,0.0008757
POSCAR_9930.vasp,9.84e-05
POSCAR_9931.vasp,0.8507357
POSCAR_9933.vasp,0.00014639999999900002
POSCAR_9936.vasp,0.0
POSCAR_9944.vasp,6.0700000000000005e-05
POSCAR_9959.vasp,0.0005457999999990001
POSCAR_9961.vasp,1.3e-06
POSCAR_9962.vasp,6.500000000000001e-05
POSCAR_9972.vasp,5.9990223
POSCAR_9979.vasp,6.0000004
POSCAR_9981.vasp,2.999626799999999
POSCAR_9982.vasp,0.0
POSCAR_9985.vasp,0.0002582
POSCAR_9994.vasp,0.00018889999999900002
POSCAR_9997.vasp,0.0011362
POSCAR_9998.vasp,0.0
POSCAR_10000.vasp,0.010525999999999001
POSCAR_10001.vasp,0.019712999999999002
POSCAR_10002.vasp,1.999990299999999
POSCAR_10004.vasp,2.6952541
POSCAR_10007.vasp,24.0000002
POSCAR_10019.vasp,0.012978199999999001
POSCAR_10022.vasp,0.00045969999999900005
POSCAR_10033.vasp,1.2600000000000001e-05
POSCAR_10039.vasp,0.0
POSCAR_10046.vasp,0.0872037
POSCAR_10052.vasp,3e-06
POSCAR_10057.vasp,0.0
POSCAR_10063.vasp,1.899999999999999e-06
POSCAR_10096.vasp,0.0
POSCAR_10105.vasp,0.0
POSCAR_10106.vasp,0.0
POSCAR_10118.vasp,0.0271274
POSCAR_10126.vasp,24.0011058
POSCAR_10130.vasp,2.1038432
POSCAR_10135.vasp,0.0
POSCAR_10143.vasp,1.0000756
POSCAR_10144.vasp,0.0025739
POSCAR_10149.vasp,4.8108835
POSCAR_10151.vasp,4e-07
POSCAR_10154.vasp,0.0
POSCAR_10157.vasp,5.1900000000000015e-05
POSCAR_10159.vasp,0.0004339
POSCAR_10160.vasp,0.0025301
POSCAR_10163.vasp,0.0003572
POSCAR_10166.vasp,0.0030444
POSCAR_10168.vasp,4.0004297
POSCAR_10174.vasp,0.0
POSCAR_10178.vasp,1e-07
POSCAR_10183.vasp,10.0000003
POSCAR_10185.vasp,1.0003638
POSCAR_10193.vasp,0.0001924
POSCAR_10204.vasp,7e-07
POSCAR_10207.vasp,0.0
POSCAR_10208.vasp,1.9200000000000003e-05
POSCAR_10232.vasp,0.0
POSCAR_10240.vasp,0.0037175
POSCAR_10250.vasp,0.0001727
POSCAR_10252.vasp,0.0
POSCAR_10254.vasp,0.0
POSCAR_10259.vasp,7e-07
POSCAR_10260.vasp,0.000252999999999
POSCAR_10264.vasp,4.0
POSCAR_10268.vasp,0.0009042
POSCAR_10272.vasp,0.999366499999999
POSCAR_10274.vasp,0.0
POSCAR_10298.vasp,3.1422007
POSCAR_10321.vasp,0.0
POSCAR_10323.vasp,0.0005009999999990001
POSCAR_10324.vasp,0.0005549
POSCAR_10331.vasp,0.0235942
POSCAR_10332.vasp,0.772053099999999
POSCAR_10342.vasp,1e-07
POSCAR_10350.vasp,0.9998389
POSCAR_10363.vasp,0.0
POSCAR_10364.vasp,27.9978607
POSCAR_10373.vasp,0.0
POSCAR_10379.vasp,1.9978381
POSCAR_10383.vasp,0.0
POSCAR_10389.vasp,3.9996695
POSCAR_10393.vasp,16.0002291
POSCAR_10399.vasp,0.996350299999999
POSCAR_10405.vasp,0.0078785
POSCAR_10409.vasp,0.0
POSCAR_10411.vasp,5.299999999999997e-06
POSCAR_10417.vasp,2.0004761
POSCAR_10421.vasp,6.890000000000003e-05
POSCAR_10422.vasp,0.003381099999999
POSCAR_10423.vasp,0.00012049999999900001
POSCAR_10427.vasp,0.0383507
POSCAR_10439.vasp,2.2563185
POSCAR_10444.vasp,2.3099678
POSCAR_10445.vasp,3.9234011
POSCAR_10449.vasp,3.9820249
POSCAR_10456.vasp,0.0065003
POSCAR_10461.vasp,1.266507099999999
POSCAR_10466.vasp,4.6130015
POSCAR_10467.vasp,2.4492994
POSCAR_10469.vasp,0.00018339999999900003
POSCAR_10471.vasp,0.0
POSCAR_10488.vasp,1.7489974
POSCAR_10493.vasp,0.007580799999999
POSCAR_10498.vasp,0.0004364
POSCAR_10508.vasp,0.0
POSCAR_10514.vasp,1.9999953
POSCAR_10520.vasp,2.9679798
POSCAR_10551.vasp,11.9954115
POSCAR_10556.vasp,5.08e-05
POSCAR_10572.vasp,0.0
POSCAR_10575.vasp,1.9086045
POSCAR_10587.vasp,3.9996803
POSCAR_10597.vasp,2.7000000000000002e-05
POSCAR_10604.vasp,1.9992671
POSCAR_10607.vasp,9.7173869
POSCAR_10612.vasp,4.5503232
POSCAR_10623.vasp,5.6479283
POSCAR_10625.vasp,21.4709209
POSCAR_10626.vasp,28.000535
POSCAR_10637.vasp,0.0072009
POSCAR_10643.vasp,1.7666718000000001
POSCAR_10648.vasp,0.0
POSCAR_10653.vasp,1.999727
POSCAR_10655.vasp,0.0011573
POSCAR_10657.vasp,3.0
POSCAR_10661.vasp,0.0036833
POSCAR_10665.vasp,0.001258499999999
POSCAR_10673.vasp,0.0
POSCAR_10678.vasp,0.0
POSCAR_10681.vasp,0.0
POSCAR_10682.vasp,0.0
POSCAR_10684.vasp,2.977420399999999
POSCAR_10690.vasp,5.9996808
POSCAR_10701.vasp,0.000673
POSCAR_10714.vasp,0.0735224
POSCAR_10717.vasp,1.9958478
POSCAR_10724.vasp,5.4673062
POSCAR_10734.vasp,0.0024635
POSCAR_10737.vasp,0.0
POSCAR_10742.vasp,0.0
POSCAR_10743.vasp,0.0007017
POSCAR_10753.vasp,1.200150099999999
POSCAR_10758.vasp,0.0
POSCAR_10760.vasp,0.0028227
POSCAR_10763.vasp,2.9998342
POSCAR_10767.vasp,3.0
POSCAR_10771.vasp,5.099999999999999e-06
POSCAR_10772.vasp,9.9999991
POSCAR_10780.vasp,0.0
POSCAR_10781.vasp,0.0
POSCAR_10783.vasp,0.7694436
POSCAR_10786.vasp,4.0000746
POSCAR_10788.vasp,0.000370999999999
POSCAR_10791.vasp,3.999999899999999
POSCAR_10792.vasp,4.0000002
POSCAR_10814.vasp,0.0003589
POSCAR_10815.vasp,0.0
POSCAR_10819.vasp,0.0
POSCAR_10824.vasp,0.0026901
POSCAR_10826.vasp,2.185399
POSCAR_10829.vasp,0.000248399999999
POSCAR_10833.vasp,0.0
POSCAR_10841.vasp,1.0092626
POSCAR_10843.vasp,0.8233011
POSCAR_10845.vasp,0.0
POSCAR_10846.vasp,0.0
POSCAR_10850.vasp,0.0003782
POSCAR_10852.vasp,0.0
POSCAR_10854.vasp,1.0000062
POSCAR_10855.vasp,0.0005875
POSCAR_10863.vasp,0.000467099999999
POSCAR_10865.vasp,0.0004586
POSCAR_10877.vasp,0.0
POSCAR_10882.vasp,1.9987850999999992
POSCAR_10887.vasp,3.9998998
POSCAR_10893.vasp,18.0000007
POSCAR_10894.vasp,17.9999996
POSCAR_10900.vasp,0.0
POSCAR_10903.vasp,0.9996837
POSCAR_10911.vasp,0.0
POSCAR_10912.vasp,0.0027066
POSCAR_10918.vasp,1.7783615
POSCAR_10927.vasp,31.4865873
POSCAR_10933.vasp,7.6e-05
POSCAR_10942.vasp,4.89e-05
POSCAR_10943.vasp,7.94e-05
POSCAR_10947.vasp,7.4e-06
POSCAR_10949.vasp,0.00023339999999900002
POSCAR_10953.vasp,4.64e-05
POSCAR_10955.vasp,0.0250306
POSCAR_10960.vasp,6.570000000000001e-05
POSCAR_10967.vasp,0.0347615
POSCAR_10977.vasp,15.9997915
POSCAR_10987.vasp,0.0
POSCAR_10988.vasp,0.0
POSCAR_10992.vasp,2.0024049
POSCAR_10993.vasp,3.995864199999999
POSCAR_10995.vasp,5.7428999
POSCAR_11003.vasp,0.0033786999999990005
POSCAR_11004.vasp,7.61e-05
POSCAR_11011.vasp,0.0015683
POSCAR_11018.vasp,0.004568399999999
POSCAR_11019.vasp,1.0300000000000001e-05
POSCAR_11023.vasp,0.0034647
POSCAR_11027.vasp,5.45e-05
POSCAR_11028.vasp,0.0
POSCAR_11031.vasp,1e-07
POSCAR_11036.vasp,0.0014627
POSCAR_11038.vasp,0.999877199999999
POSCAR_11042.vasp,7e-07
POSCAR_11047.vasp,2.7664745
POSCAR_11048.vasp,12.0000004
POSCAR_11051.vasp,8.7188645
POSCAR_11063.vasp,2e-07
POSCAR_11071.vasp,0.0008085999999990001
POSCAR_11072.vasp,0.018739699999999002
POSCAR_11073.vasp,0.0022105
POSCAR_11074.vasp,0.0162315
POSCAR_11079.vasp,1.1244453
POSCAR_11080.vasp,1.9999869
POSCAR_11093.vasp,4.8867867
POSCAR_11098.vasp,0.0
POSCAR_11110.vasp,0.0057852
POSCAR_11113.vasp,0.0019637
